CLIENT_ID,ANIMAL_TP,SESSION_DN,SOURCE_ID,CLICK_ANT,ORDER_PRC,ORDER_ST,CLIENT_INV
18_10_0026741,DOG,79.83,SEO,35,1516,1,0
18_10_0026742,CAT,103.97,REDIRECT,4,745,1,0
18_10_0026743,CAT,74.87,SEO,8,0,0,0
18_10_0026744,CAT,154.41,SEO,6,182,1,0
18_10_0026745,DOG,88.49,REDIRECT,37,725,1,0
18_10_0026746,DOG,188.51,SOCIAL,7,2456,1,0
18_10_0026747,OTHER,42.79,SOCIAL,21,1436,1,0
18_10_0026748,DOG,32.61,SOCIAL,1,928,1,0
18_10_0026749,DOG,48.64,SOCIAL,3,128,1,0
18_10_0026751,DOG,13.43,SEO,7,0,0,0
18_10_0026752,DOG,158.19,SEO,15,880,1,0
18_10_0026753,OTHER,95.57,DIRECT,8,705,1,0
18_10_0026754,DOG,138.18,SEO,1,328,1,0
18_10_0026755,CAT,114.46,SEO,10,361,1,0
18_10_0026756,DOG,24.74,SOCIAL,7,0,0,0
18_10_0026757,DOG,88.43,SEO,38,965,1,0
18_10_0026758,OTHER,139.93,SEO,6,590,1,0
18_10_0026759,CAT,177.41,SOCIAL,18,570,1,0
18_10_0026761,CAT,53.94,DIRECT,10,0,0,0
18_10_0026762,CAT,154.68,SOCIAL,15,329,1,0
18_10_0026763,OTHER,119.62,SEO,4,0,0,0
18_10_0026764,DOG,52.84,REDIRECT,8,0,0,0
18_10_0026765,DOG,158.86,SEO,25,997,1,0
18_10_0026767,CAT,71.40,REDIRECT,39,452,1,0
18_10_0026768,DOG,55.46,REDIRECT,6,0,0,0
18_10_0026769,OTHER,118.12,SEO,8,0,0,0
18_10_0026770,DOG,167.06,REDIRECT,16,2392,1,0
18_10_0026771,CAT,178.71,REDIRECT,5,1026,1,0
18_10_0026772,CAT,172.99,DIRECT,21,514,1,0
18_10_0026774,DOG,26.62,REDIRECT,8,0,0,0
18_10_0026775,DOG,94.12,REDIRECT,33,738,1,0
18_10_0026776,OTHER,29.52,REDIRECT,5,0,0,0
18_10_0026777,DOG,109.28,SOCIAL,4,76,1,0
18_10_0026778,DOG,160.92,SOCIAL,1,1982,1,0
18_10_0026780,DOG,87.83,SEO,39,4411,1,0
18_10_0026781,DOG,16.88,SEO,10,0,0,0
18_10_0026782,DOG,69.43,SOCIAL,4,0,0,0
18_10_0026783,CAT,73.93,REDIRECT,7,0,0,0
18_10_0026784,OTHER,127.12,SOCIAL,15,955,1,0
18_10_0026785,DOG,75.47,SOCIAL,33,293,1,0
18_10_0026786,OTHER,20.48,SOCIAL,6,0,0,0
18_10_0026787,DOG,40.93,SOCIAL,4,0,0,0
18_10_0026789,DOG,151.80,SEO,25,664,1,0
18_10_0026790,OTHER,142.28,SEO,23,879,1,0
18_10_0026791,CAT,126.16,SOCIAL,9,0,0,0
18_10_0026792,DOG,135.32,SEO,1,371,1,0
18_10_0026793,CAT,160.74,SOCIAL,7,1541,1,0
18_10_0026794,DOG,167.98,REDIRECT,8,0,0,0
18_10_0026795,CAT,108.80,SOCIAL,16,784,1,0
18_10_0026797,DOG,54.11,SOCIAL,18,475,1,0
18_10_0026798,CAT,115.10,SOCIAL,8,0,0,0
18_10_0026799,DOG,98.06,REDIRECT,9,377,1,0
18_10_0026800,CAT,77.18,REDIRECT,7,0,0,0
18_10_0026801,DOG,128.08,SOCIAL,16,717,1,0
18_10_0026802,OTHER,83.28,REDIRECT,7,0,0,0
18_10_0026804,DOG,113.34,SEO,6,0,0,0
18_10_0026805,DOG,185.44,SOCIAL,5,0,0,0
18_10_0026806,DOG,120.24,SEO,5,99,1,0
18_10_0026807,CAT,24.85,SOCIAL,16,456,1,0
18_10_0026808,DOG,139.94,SEO,8,0,0,0
18_10_0026809,OTHER,83.08,DIRECT,33,984,1,0
18_10_0026810,OTHER,65.30,SOCIAL,6,0,0,0
18_10_0026811,CAT,45.29,SOCIAL,4,0,0,0
18_10_0026812,OTHER,92.55,SOCIAL,3,405,1,0
18_10_0026813,OTHER,120.45,SOCIAL,6,0,0,0
18_10_0026814,OTHER,41.88,SEO,24,204,1,0
18_10_0026815,OTHER,105.02,SEO,5,0,0,0
18_10_0026816,DOG,182.06,SOCIAL,5,176,1,0
18_10_0026817,DOG,32.02,SOCIAL,10,0,0,0
18_10_0026818,DOG,163.48,SEO,5,0,0,0
18_10_0026819,DOG,43.51,SOCIAL,9,0,0,0
18_10_0026820,CAT,66.69,DIRECT,2,992,1,0
18_10_0026821,CAT,39.68,REDIRECT,18,175,1,0
18_10_0026822,DOG,55.86,REDIRECT,1,205,1,0
18_10_0026823,OTHER,79.90,SOCIAL,9,0,0,0
18_10_0026824,CAT,163.70,SEO,20,946,1,0
18_10_0026825,CAT,98.87,SOCIAL,3,588,1,0
18_10_0026826,DOG,132.65,SEO,24,425,1,0
18_10_0026827,DOG,151.29,SEO,7,0,0,0
18_10_0026829,DOG,13.58,SEO,6,0,0,0
18_10_0026830,DOG,122.87,SEO,3,231,1,0
18_10_0026831,DOG,90.68,SEO,6,0,0,0
18_10_0026832,OTHER,83.37,DIRECT,4,0,0,0
18_10_0026833,OTHER,40.25,REDIRECT,8,0,0,0
18_10_0026834,DOG,16.65,SEO,7,831,1,0
18_10_0026835,OTHER,104.47,SEO,2,261,1,0
18_10_0026839,OTHER,167.11,SEO,5,0,0,0
18_10_0026840,CAT,61.95,DIRECT,2,827,1,0
18_10_0026842,DOG,98.31,SOCIAL,4,184,1,0
18_10_0026844,DOG,177.45,SEO,9,446,1,0
18_10_0026845,DOG,96.61,DIRECT,38,326,1,0
18_10_0026846,OTHER,104.15,REDIRECT,7,0,0,0
18_10_0026848,CAT,110.06,SEO,20,2556,1,0
18_10_0026849,CAT,149.54,SEO,11,556,1,0
18_10_0026850,DOG,105.24,SOCIAL,5,0,0,0
18_10_0026851,DOG,86.22,REDIRECT,4,509,1,0
18_10_0026852,DOG,166.10,SOCIAL,23,355,1,0
18_10_0026853,DOG,29.02,SOCIAL,5,0,0,0
18_10_0026855,CAT,58.92,SEO,4,0,0,0
18_10_0026856,DOG,87.21,SOCIAL,33,169,1,0
18_10_0026857,DOG,78.46,SEO,30,0,0,0
18_10_0026858,OTHER,33.04,SOCIAL,6,423,1,0
18_10_0026859,OTHER,56.69,REDIRECT,9,0,0,0
18_10_0026860,OTHER,13.32,SEO,8,0,0,0
18_10_0026861,DOG,172.82,SOCIAL,19,180,1,0
18_10_0026862,CAT,110.90,SOCIAL,5,0,0,0
18_10_0026863,CAT,104.03,SEO,5,0,0,0
18_10_0026864,CAT,161.40,REDIRECT,16,534,1,0
18_10_0026865,CAT,89.09,SOCIAL,30,0,0,0
18_10_0026866,CAT,100.35,SOCIAL,10,0,0,0
18_10_0026867,DOG,184.99,SOCIAL,5,512,1,0
18_10_0026868,DOG,153.51,SEO,14,435,1,0
18_10_0026869,CAT,82.75,SEO,25,2333,1,0
18_10_0026870,DOG,179.36,SOCIAL,11,774,1,0
18_10_0026871,DOG,92.99,SEO,24,311,1,0
18_10_0026872,CAT,115.98,SEO,6,0,0,0
18_10_0026873,DOG,186.12,SOCIAL,5,0,0,0
18_10_0026874,CAT,158.79,SEO,22,491,1,0
18_10_0026875,CAT,173.58,SEO,8,418,1,0
18_10_0026876,DOG,123.48,SEO,5,734,1,0
18_10_0026877,DOG,127.69,SEO,11,982,1,0
18_10_0026878,DOG,59.11,REDIRECT,12,364,1,0
18_10_0026879,DOG,121.73,SEO,4,200,1,0
18_10_0026880,DOG,145.28,SOCIAL,15,3946,1,0
18_10_0026882,DOG,42.51,SEO,10,0,0,0
18_10_0026883,CAT,110.60,SEO,22,3114,1,0
18_10_0026885,DOG,150.06,SEO,4,630,1,0
18_10_0026888,DOG,120.53,SEO,7,0,0,0
18_10_0026890,DOG,60.66,SEO,9,155,1,0
18_10_0026891,DOG,66.97,SOCIAL,4,0,0,0
18_10_0026892,DOG,127.24,SEO,22,264,1,0
18_10_0026894,CAT,18.67,REDIRECT,8,0,0,0
18_10_0026895,DOG,61.51,DIRECT,9,0,0,0
18_10_0026896,CAT,172.83,REDIRECT,4,321,1,0
18_10_0026898,DOG,91.02,SEO,35,824,1,0
18_10_0026900,DOG,159.58,SEO,5,937,1,0
18_10_0026902,DOG,40.73,SOCIAL,12,900,1,0
18_10_0026903,CAT,120.28,SEO,6,0,0,0
18_10_0026905,DOG,147.53,SOCIAL,6,0,0,0
18_10_0026906,CAT,148.54,SEO,24,442,1,0
18_10_0026907,DOG,105.52,REDIRECT,4,402,1,0
18_10_0026908,CAT,65.76,SOCIAL,3,207,1,0
18_10_0026909,DOG,167.79,SEO,20,373,1,0
18_10_0026910,DOG,130.31,SOCIAL,4,0,0,0
18_10_0026911,CAT,51.13,REDIRECT,4,0,0,0
18_10_0026913,DOG,33.68,SEO,14,861,1,0
18_10_0026914,CAT,145.17,SEO,22,2500,1,0
18_10_0026915,DOG,13.84,SOCIAL,9,0,0,0
18_10_0026917,DOG,171.37,REDIRECT,9,159,1,0
18_10_0026918,DOG,29.33,REDIRECT,5,0,0,0
18_10_0026920,DOG,97.60,DIRECT,20,927,1,0
18_10_0026921,DOG,152.32,SEO,23,614,1,0
18_10_0026922,DOG,146.57,SEO,5,482,1,0
18_10_0026924,DOG,185.88,SEO,25,1147,1,0
18_10_0026925,DOG,19.67,REDIRECT,5,0,0,0
18_10_0026926,CAT,102.35,REDIRECT,4,0,0,0
18_10_0026928,CAT,85.63,REDIRECT,36,467,1,0
18_10_0026929,DOG,135.65,SEO,21,989,1,0
18_10_0026930,DOG,146.05,SOCIAL,11,249,1,0
18_10_0026931,CAT,72.25,SEO,7,553,1,0
18_10_0026932,CAT,158.60,SEO,11,527,1,0
18_10_0026933,CAT,78.44,DIRECT,30,0,0,0
18_10_0026934,DOG,38.59,REDIRECT,3,124,1,0
18_10_0026936,DOG,153.07,SEO,19,762,1,0
18_10_0026938,DOG,98.31,SEO,4,75,1,0
18_10_0026939,DOG,75.83,REDIRECT,4,0,0,0
18_10_0026940,DOG,31.95,SOCIAL,5,0,0,0
18_10_0026941,DOG,160.31,SEO,1,3240,1,0
18_10_0026942,CAT,67.56,SEO,9,743,1,0
18_10_0026943,CAT,65.55,DIRECT,4,183,1,0
18_10_0026944,DOG,91.53,REDIRECT,30,0,0,0
18_10_0026945,DOG,55.12,DIRECT,19,333,1,0
18_10_0026946,DOG,95.19,SEO,9,1558,1,0
18_10_0026947,OTHER,59.84,SEO,4,0,0,0
18_10_0026948,OTHER,102.72,SEO,22,252,1,0
18_10_0026949,DOG,170.29,SOCIAL,7,0,0,0
18_10_0026950,DOG,148.65,SOCIAL,8,0,0,0
18_10_0026951,OTHER,139.88,SOCIAL,16,383,1,0
18_10_0026952,CAT,94.15,SEO,4,81,1,0
18_10_0026953,DOG,13.32,SEO,8,0,0,0
18_10_0026954,DOG,118.03,SEO,4,0,0,0
18_10_0026955,OTHER,178.93,SOCIAL,9,849,1,0
18_10_0026956,DOG,126.94,SOCIAL,12,845,1,0
18_10_0026957,CAT,164.39,SEO,6,2560,1,0
18_10_0026958,CAT,189.09,REDIRECT,12,2197,1,0
18_10_0026959,CAT,140.84,SEO,14,741,1,0
18_10_0026960,CAT,112.88,SOCIAL,5,233,1,0
18_10_0026961,CAT,40.65,SOCIAL,6,0,0,0
18_10_0026962,OTHER,150.06,SEO,5,0,0,0
18_10_0026963,DOG,72.82,REDIRECT,8,0,0,0
18_10_0026964,DOG,172.76,SEO,5,0,0,0
18_10_0026965,CAT,148.04,SEO,7,513,1,0
18_10_0026966,DOG,90.87,DIRECT,34,232,1,0
18_10_0026967,CAT,90.81,SEO,22,941,1,0
18_10_0026968,DOG,152.55,SEO,3,510,1,0
18_10_0026969,DOG,126.70,SOCIAL,20,219,1,0
18_10_0026970,DOG,89.55,SOCIAL,38,390,1,0
18_10_0026971,CAT,141.23,SEO,5,764,1,0
18_10_0026972,DOG,30.58,SOCIAL,16,347,1,0
18_10_0026973,DOG,148.21,SEO,6,838,1,0
18_10_0026974,DOG,145.12,SOCIAL,16,731,1,0
18_10_0026975,CAT,40.28,REDIRECT,12,901,1,0
18_10_0026977,OTHER,69.53,SOCIAL,23,354,1,0
18_10_0026978,DOG,64.08,REDIRECT,4,783,1,0
18_10_0026979,DOG,0.10,REDIRECT,1,0,0,0
18_10_0026980,CAT,49.88,SOCIAL,4,0,0,0
18_10_0026981,OTHER,63.84,DIRECT,9,0,0,0
18_10_0026982,CAT,55.14,SEO,8,0,0,0
18_10_0026983,CAT,24.69,SOCIAL,12,926,1,0
18_10_0026984,CAT,174.53,SEO,4,0,0,0
18_10_0026985,DOG,116.44,SEO,21,436,1,0
18_10_0026986,DOG,39.48,SEO,10,496,1,0
18_10_0026987,CAT,140.64,SEO,12,615,1,0
18_10_0026990,OTHER,19.21,SEO,5,1502,1,0
18_10_0026991,DOG,122.64,SEO,3,1045,1,0
18_10_0026992,OTHER,110.33,SEO,4,0,0,0
18_10_0026994,DOG,35.35,SOCIAL,6,0,0,0
18_10_0026995,OTHER,27.59,SOCIAL,6,0,0,0
18_10_0026996,DOG,28.64,REDIRECT,12,3331,1,0
18_10_0026997,DOG,151.79,SEO,18,290,1,0
18_10_0026998,OTHER,38.30,REDIRECT,15,621,1,0
18_10_0026999,CAT,58.04,REDIRECT,25,589,1,0
18_10_0027000,DOG,132.50,SOCIAL,21,544,1,0
18_10_0027001,DOG,95.64,DIRECT,32,251,1,0
18_10_0027002,CAT,90.13,DIRECT,3,111,1,0
18_10_0027003,CAT,60.82,SOCIAL,23,533,1,0
18_10_0027005,CAT,179.28,SOCIAL,10,888,1,0
18_10_0027006,DOG,84.03,REDIRECT,4,126,1,0
18_10_0027008,OTHER,158.34,SEO,5,98,1,0
18_10_0027009,DOG,133.20,SEO,17,691,1,0
18_10_0027010,OTHER,188.83,SOCIAL,4,0,0,0
18_10_0027011,CAT,73.26,SOCIAL,8,0,0,0
18_10_0027012,OTHER,114.75,SEO,2,450,1,0
18_10_0027013,DOG,110.16,SEO,12,2617,1,0
18_10_0027014,DOG,159.83,SEO,15,826,1,0
18_10_0027015,DOG,52.73,SOCIAL,5,0,0,0
18_10_0027016,OTHER,73.21,DIRECT,9,0,0,0
18_10_0027017,DOG,100.38,SOCIAL,19,473,1,0
18_10_0027018,CAT,40.91,SEO,5,300,1,0
18_10_0027019,OTHER,137.75,SEO,11,754,1,0
18_10_0027020,DOG,142.02,SEO,17,680,1,0
18_10_0027022,CAT,188.76,SOCIAL,24,201,1,0
18_10_0027023,DOG,177.49,SEO,9,643,1,0
18_10_0027024,DOG,82.10,REDIRECT,5,0,0,0
18_10_0027025,CAT,89.91,SEO,4,69,1,0
18_10_0027026,DOG,60.94,DIRECT,25,211,1,0
18_10_0027027,DOG,103.06,SEO,9,331,1,0
18_10_0027028,DOG,116.01,SEO,2,697,1,0
18_10_0027029,CAT,158.24,SEO,21,711,1,0
18_10_0027030,DOG,131.04,SEO,24,332,1,0
18_10_0027031,DOG,170.42,SEO,16,287,1,0
18_10_0027032,DOG,88.14,SOCIAL,9,466,1,0
18_10_0027033,DOG,71.38,SEO,9,732,1,0
18_10_0027034,CAT,103.39,SEO,23,554,1,0
18_10_0027035,DOG,148.12,SOCIAL,1,376,1,0
18_10_0027036,CAT,79.89,SOCIAL,9,0,0,0
18_10_0027037,DOG,117.19,SEO,5,0,0,0
18_10_0027038,DOG,31.39,SOCIAL,7,0,0,0
18_10_0027039,DOG,129.72,SOCIAL,2,234,1,0
18_10_0027040,DOG,188.86,REDIRECT,23,238,1,0
18_10_0027041,CAT,112.90,SEO,6,0,0,0
18_10_0027042,CAT,175.10,REDIRECT,1,510,1,0
18_10_0027043,DOG,76.95,SEO,8,0,0,0
18_10_0027044,DOG,169.35,SOCIAL,5,0,0,0
18_10_0027045,DOG,125.00,SEO,2,312,1,0
18_10_0027046,DOG,120.80,SEO,3,145,1,0
18_10_0027047,DOG,175.71,SOCIAL,16,528,1,0
18_10_0027048,CAT,68.82,SEO,8,779,1,0
18_10_0027049,DOG,122.64,SEO,15,962,1,0
18_10_0027050,DOG,111.00,SEO,19,4110,1,0
18_10_0027052,CAT,13.24,SOCIAL,8,0,0,0
18_10_0027053,DOG,69.02,DIRECT,20,186,1,0
18_10_0027055,DOG,131.55,SEO,4,89,1,0
18_10_0027056,CAT,14.78,SEO,9,0,0,0
18_10_0027057,CAT,57.39,SEO,5,572,1,0
18_10_0027058,OTHER,33.58,SEO,7,0,0,0
18_10_0027059,DOG,82.52,DIRECT,7,218,1,0
18_10_0027060,CAT,94.63,SOCIAL,22,469,1,0
18_10_0027061,DOG,80.59,SOCIAL,9,0,0,0
18_10_0027062,CAT,84.12,SEO,39,3132,1,0
18_10_0027063,OTHER,78.53,REDIRECT,33,422,1,0
18_10_0027064,OTHER,25.54,SOCIAL,3,642,1,0
18_10_0027065,OTHER,184.81,SOCIAL,10,0,0,0
18_10_0027066,DOG,130.83,SEO,8,0,0,0
18_10_0027067,OTHER,76.98,SEO,2,643,1,0
18_10_0027068,DOG,77.61,SOCIAL,5,0,0,0
18_10_0027069,OTHER,147.31,SOCIAL,15,584,1,0
18_10_0027070,DOG,76.83,DIRECT,5,84,1,0
18_10_0027071,CAT,167.38,SEO,4,149,1,0
18_10_0027072,CAT,40.17,REDIRECT,12,881,1,0
18_10_0027074,DOG,49.12,SEO,6,0,0,0
18_10_0027076,DOG,62.36,SOCIAL,24,587,1,0
18_10_0027077,DOG,74.89,SEO,7,0,0,0
18_10_0027080,DOG,178.60,SOCIAL,16,336,1,0
18_10_0027081,DOG,26.79,SEO,15,2916,1,0
18_10_0027083,DOG,176.77,REDIRECT,11,654,1,0
18_10_0027084,DOG,110.33,SEO,4,0,0,0
18_10_0027085,DOG,76.45,SOCIAL,6,0,0,0
18_10_0027086,CAT,160.40,SEO,14,3126,1,0
18_10_0027087,CAT,156.11,SOCIAL,13,271,1,0
18_10_0027089,CAT,126.46,SEO,3,136,1,0
18_10_0027090,CAT,169.96,SOCIAL,9,0,0,0
18_10_0027091,CAT,93.26,SOCIAL,34,885,1,0
18_10_0027092,DOG,108.95,SOCIAL,24,195,1,0
18_10_0027093,CAT,130.32,SOCIAL,21,790,1,0
18_10_0027095,CAT,97.25,SEO,2,199,1,0
18_10_0027097,CAT,180.71,REDIRECT,8,0,0,0
18_10_0027098,OTHER,141.01,SOCIAL,18,275,1,0
18_10_0027099,DOG,0.80,SOCIAL,1,0,0,0
18_10_0027100,CAT,46.14,REDIRECT,10,870,1,0
18_10_0027101,DOG,161.37,REDIRECT,14,741,1,0
18_10_0027102,DOG,103.68,REDIRECT,10,0,0,0
18_10_0027103,OTHER,50.76,SOCIAL,11,851,1,0
18_10_0027105,CAT,70.55,SEO,30,0,0,0
18_10_0027106,DOG,128.95,SOCIAL,14,297,1,0
18_10_0027107,OTHER,73.96,REDIRECT,7,0,0,0
18_10_0027108,CAT,18.59,SOCIAL,8,0,0,0
18_10_0027109,DOG,92.04,SOCIAL,7,718,1,0
18_10_0027110,DOG,105.03,SOCIAL,10,0,0,0
18_10_0027111,DOG,42.22,SOCIAL,9,1374,1,0
18_10_0027112,DOG,31.76,SOCIAL,7,357,1,0
18_10_0027113,DOG,62.03,SEO,4,503,1,0
18_10_0027114,DOG,46.38,SOCIAL,13,3561,1,0
18_10_0027115,OTHER,91.41,DIRECT,23,178,1,0
18_10_0027116,DOG,141.22,SOCIAL,12,739,1,0
18_10_0027117,OTHER,154.76,SEO,10,0,0,0
18_10_0027120,OTHER,44.41,SOCIAL,7,0,0,0
18_10_0027121,DOG,16.28,SEO,9,0,0,0
18_10_0027122,DOG,17.59,SEO,9,0,0,0
18_10_0027123,CAT,148.79,SEO,10,0,0,0
18_10_0027124,DOG,89.44,SEO,7,0,0,0
18_10_0027125,DOG,118.64,SEO,9,0,0,0
18_10_0027126,OTHER,51.61,SOCIAL,14,227,1,0
18_10_0027127,CAT,99.60,DIRECT,30,0,0,0
18_10_0027128,DOG,177.93,REDIRECT,14,870,1,0
18_10_0027129,CAT,155.28,SEO,15,863,1,0
18_10_0027130,DOG,114.12,SEO,4,848,1,0
18_10_0027131,DOG,46.88,SOCIAL,4,0,0,0
18_10_0027132,DOG,164.22,SOCIAL,6,0,0,0
18_10_0027134,CAT,96.03,REDIRECT,9,0,0,0
18_10_0027135,CAT,32.54,SOCIAL,3,454,1,0
18_10_0027136,CAT,90.00,DIRECT,3,646,1,0
18_10_0027138,DOG,53.45,SOCIAL,18,655,1,0
18_10_0027140,CAT,186.74,SEO,21,667,1,0
18_10_0027141,DOG,67.62,REDIRECT,30,900,1,0
18_10_0027142,DOG,118.93,SEO,7,0,0,0
18_10_0027143,DOG,145.73,SEO,25,2556,1,0
18_10_0027144,CAT,248.41,REDIRECT,10,2658,1,0
18_10_0027145,CAT,159.30,SEO,23,801,1,0
18_10_0027147,DOG,159.99,SOCIAL,4,944,1,0
18_10_0027148,CAT,178.54,REDIRECT,4,0,0,0
18_10_0027149,DOG,165.28,SEO,9,0,0,0
18_10_0027150,DOG,172.14,DIRECT,7,608,1,0
18_10_0027151,CAT,127.90,SOCIAL,8,0,0,0
18_10_0027152,DOG,29.32,SOCIAL,1,244,1,0
18_10_0027153,DOG,60.98,REDIRECT,6,0,0,0
18_10_0027155,DOG,138.13,SEO,3,263,1,0
18_10_0027156,DOG,171.43,DIRECT,9,0,0,0
18_10_0027157,DOG,14.74,SEO,8,0,0,0
18_10_0027158,DOG,183.56,SEO,16,287,1,0
18_10_0027159,DOG,116.49,SEO,13,401,1,0
18_10_0027162,CAT,148.05,SEO,17,270,1,0
18_10_0027163,DOG,188.14,REDIRECT,1,804,1,0
18_10_0027164,OTHER,91.72,DIRECT,6,0,0,0
18_10_0027165,CAT,29.51,REDIRECT,10,0,0,0
18_10_0027166,CAT,157.38,SOCIAL,13,384,1,0
18_10_0027168,OTHER,69.56,SEO,33,771,1,0
18_10_0027169,CAT,178.10,SOCIAL,4,0,0,0
18_10_0027170,OTHER,50.22,REDIRECT,14,740,1,0
18_10_0027171,DOG,182.97,SOCIAL,8,0,0,0
18_10_0027172,OTHER,166.53,SOCIAL,22,2386,1,0
18_10_0027173,DOG,67.22,REDIRECT,23,387,1,0
18_10_0027174,CAT,151.33,SOCIAL,7,0,0,0
18_10_0027175,CAT,32.02,SOCIAL,12,837,1,0
18_10_0027176,CAT,83.77,SEO,4,0,0,0
18_10_0027177,DOG,176.87,REDIRECT,10,1087,1,0
18_10_0027178,CAT,71.19,SEO,30,0,0,0
18_10_0027179,DOG,79.09,REDIRECT,8,0,0,0
18_10_0027180,DOG,106.16,SEO,23,626,1,0
18_10_0027181,DOG,126.52,SEO,3,752,1,0
18_10_0027182,DOG,93.99,SEO,8,719,1,0
18_10_0027183,DOG,91.62,REDIRECT,34,839,1,0
18_10_0027185,DOG,134.57,SEO,9,631,1,0
18_10_0027186,CAT,87.86,SOCIAL,30,0,0,0
18_10_0027187,CAT,102.82,SOCIAL,4,0,0,0
18_10_0027188,DOG,104.40,SEO,6,246,1,0
18_10_0027189,DOG,34.72,SOCIAL,13,828,1,0
18_10_0027190,DOG,138.69,SOCIAL,10,108,1,0
18_10_0027191,CAT,8.00,SOCIAL,7,0,0,0
18_10_0027193,DOG,128.53,SEO,5,545,1,0
18_10_0027194,DOG,39.90,SEO,9,0,0,0
18_10_0027196,DOG,51.98,REDIRECT,7,0,0,0
18_10_0027197,DOG,118.81,SEO,7,0,0,0
18_10_0027198,DOG,106.38,REDIRECT,7,0,0,0
18_10_0027199,CAT,30.76,SEO,9,0,0,0
18_10_0027200,DOG,50.25,SOCIAL,3,138,1,0
18_10_0027201,DOG,26.65,SOCIAL,4,607,1,0
18_10_0027202,DOG,117.37,SEO,20,319,1,0
18_10_0027203,CAT,58.72,SEO,9,0,0,0
18_10_0027204,DOG,74.31,SEO,8,0,0,0
18_10_0027205,DOG,51.80,SOCIAL,6,0,0,0
18_10_0027206,DOG,112.97,SOCIAL,6,934,1,0
18_10_0027207,OTHER,55.21,DIRECT,1,329,1,0
18_10_0027210,OTHER,109.53,SOCIAL,25,305,1,0
18_10_0027211,CAT,184.84,SOCIAL,11,210,1,0
18_10_0027212,DOG,88.03,SOCIAL,23,254,1,0
18_10_0027213,DOG,172.26,REDIRECT,8,0,0,0
18_10_0027214,DOG,54.78,DIRECT,17,500,1,0
18_10_0027215,DOG,124.55,SEO,1,434,1,0
18_10_0027216,OTHER,77.87,REDIRECT,9,0,0,0
18_10_0027217,CAT,123.21,SEO,23,492,1,0
18_10_0027220,DOG,93.09,SEO,8,749,1,0
18_10_0027221,DOG,74.02,SEO,5,0,0,0
18_10_0027223,OTHER,109.13,SOCIAL,22,413,1,0
18_10_0027224,DOG,81.14,REDIRECT,5,0,0,0
18_10_0027225,CAT,28.00,REDIRECT,19,2921,1,0
18_10_0027227,OTHER,157.54,SOCIAL,6,0,0,0
18_10_0027228,DOG,76.17,REDIRECT,6,160,1,0
18_10_0027229,CAT,71.37,SEO,8,854,1,0
18_10_0027230,DOG,84.69,SEO,30,411,1,0
18_10_0027232,CAT,30.49,SEO,6,922,1,0
18_10_0027233,DOG,113.57,SEO,6,0,0,0
18_10_0027234,DOG,76.31,SOCIAL,38,709,1,0
18_10_0027235,CAT,97.11,SEO,6,817,1,0
18_10_0027236,OTHER,34.33,SOCIAL,6,0,0,0
18_10_0027237,DOG,65.97,SEO,2,662,1,0
18_10_0027238,DOG,114.46,SEO,6,0,0,0
18_10_0027240,DOG,162.97,SEO,11,530,1,0
18_10_0027241,OTHER,22.78,SEO,7,1904,1,0
18_10_0027242,DOG,139.98,SEO,8,0,0,0
18_10_0027243,CAT,50.00,REDIRECT,9,0,0,0
18_10_0027244,DOG,82.79,SOCIAL,2,280,1,0
18_10_0027245,DOG,120.12,SOCIAL,8,0,0,0
18_10_0027246,CAT,153.43,SEO,5,0,0,0
18_10_0027247,DOG,163.52,SOCIAL,6,0,0,0
18_10_0027248,DOG,141.39,SEO,4,0,0,0
18_10_0027249,OTHER,88.55,SEO,22,909,1,0
18_10_0027250,DOG,116.32,SEO,2,744,1,0
18_10_0027251,CAT,117.99,SOCIAL,21,959,1,0
18_10_0027252,DOG,25.53,REDIRECT,20,2911,1,0
18_10_0027253,DOG,44.73,SOCIAL,19,2379,1,0
18_10_0027254,CAT,21.29,SEO,8,1759,1,0
18_10_0027257,DOG,103.96,SEO,7,0,0,0
18_10_0027259,DOG,28.52,SOCIAL,11,748,1,0
18_10_0027260,OTHER,45.71,SOCIAL,18,3189,1,0
18_10_0027261,DOG,39.72,SOCIAL,14,468,1,0
18_10_0027263,OTHER,173.56,SOCIAL,4,0,0,0
18_10_0027264,CAT,157.72,SEO,13,279,1,0
18_10_0027265,DOG,21.35,SOCIAL,7,419,1,0
18_10_0027266,CAT,182.94,SOCIAL,8,0,0,0
18_10_0027267,DOG,120.68,SEO,6,0,0,0
18_10_0027268,CAT,185.86,REDIRECT,25,1297,1,0
18_10_0027269,DOG,89.58,DIRECT,3,651,1,0
18_10_0027270,DOG,71.32,SOCIAL,5,131,1,0
18_10_0027271,DOG,125.65,SOCIAL,15,636,1,0
18_10_0027272,DOG,35.50,SOCIAL,2,266,1,0
18_10_0027273,DOG,77.19,REDIRECT,5,0,0,0
18_10_0027274,DOG,485.82,SEO,23,229,1,0
18_10_0027275,CAT,48.67,REDIRECT,23,907,1,0
18_10_0027276,CAT,84.83,REDIRECT,7,0,0,0
18_10_0027277,CAT,119.15,SEO,20,236,1,0
18_10_0027278,DOG,118.16,SEO,19,170,1,0
18_10_0027279,DOG,107.08,SEO,16,267,1,0
18_10_0027280,DOG,45.68,REDIRECT,24,239,1,0
18_10_0027281,CAT,44.31,SEO,5,632,1,0
18_10_0027283,OTHER,106.00,SOCIAL,9,0,0,0
18_10_0027284,DOG,136.21,SEO,16,793,1,0
18_10_0027285,OTHER,137.45,SOCIAL,5,0,0,0
18_10_0027288,CAT,85.02,SEO,5,0,0,0
18_10_0027289,CAT,186.72,REDIRECT,6,0,0,0
18_10_0027290,CAT,82.93,REDIRECT,4,209,1,0
18_10_0027292,CAT,121.68,SOCIAL,4,707,1,0
18_10_0027293,OTHER,155.02,SEO,25,520,1,0
18_10_0027295,OTHER,134.49,SEO,24,699,1,0
18_10_0027296,CAT,120.08,SEO,10,0,0,0
18_10_0027297,OTHER,117.36,SEO,19,356,1,0
18_10_0027299,DOG,142.37,SEO,5,146,1,0
18_10_0027300,DOG,46.46,SEO,5,0,0,0
18_10_0027301,DOG,66.33,REDIRECT,9,278,1,0
18_10_0027303,OTHER,166.13,SEO,5,1983,1,0
18_10_0027304,DOG,28.55,SEO,3,3360,1,0
18_10_0027305,OTHER,133.07,SEO,3,71,1,0
18_10_0027306,OTHER,160.51,SEO,7,904,1,0
18_10_0027307,DOG,187.28,SEO,20,1276,1,0
18_10_0027309,DOG,91.38,SEO,3,3885,1,0
18_10_0027310,DOG,106.67,SEO,15,878,1,0
18_10_0027312,DOG,154.75,SEO,18,593,1,0
18_10_0027313,CAT,102.10,REDIRECT,10,0,0,0
18_10_0027314,OTHER,132.39,SEO,21,488,1,0
18_10_0027315,DOG,44.87,SOCIAL,1,2893,1,0
18_10_0027316,DOG,121.07,SOCIAL,6,306,1,0
18_10_0027317,CAT,43.93,REDIRECT,10,0,0,0
18_10_0027318,DOG,173.46,SOCIAL,5,539,1,0
18_10_0027319,CAT,38.33,REDIRECT,4,677,1,0
18_10_0027320,DOG,158.55,SOCIAL,21,587,1,0
18_10_0027321,DOG,134.32,SEO,14,789,1,0
18_10_0027322,DOG,145.55,SEO,25,2531,1,0
18_10_0027323,DOG,24.88,SEO,6,0,0,0
18_10_0027324,CAT,24.24,REDIRECT,3,2516,1,0
18_10_0027325,CAT,15.95,SOCIAL,4,0,0,0
18_10_0027326,CAT,94.98,SEO,3,894,1,0
18_10_0027327,OTHER,57.27,DIRECT,8,0,0,0
18_10_0027328,DOG,113.46,SEO,10,0,0,0
18_10_0027329,OTHER,42.23,SEO,5,0,0,0
18_10_0027330,OTHER,82.29,REDIRECT,33,441,1,0
18_10_0027331,DOG,159.43,SOCIAL,25,802,1,0
18_10_0027332,DOG,133.76,SOCIAL,9,0,0,0
18_10_0027333,DOG,44.33,SOCIAL,17,1955,1,0
18_10_0027334,DOG,98.95,SEO,24,499,1,0
18_10_0027335,OTHER,175.15,SEO,16,294,1,0
18_10_0027336,DOG,13.44,SEO,9,0,0,0
18_10_0027337,DOG,157.36,SEO,20,810,1,0
18_10_0027338,DOG,182.94,SOCIAL,23,695,1,0
18_10_0027339,OTHER,110.93,SEO,12,3387,1,0
18_10_0027340,DOG,78.68,REDIRECT,30,288,1,0
18_10_0027341,OTHER,44.71,SOCIAL,17,2351,1,0
18_10_0027342,OTHER,64.67,SOCIAL,3,88,1,0
18_10_0027343,OTHER,122.48,SEO,7,0,0,0
18_10_0027344,DOG,128.36,SEO,19,833,1,0
18_10_0027345,DOG,130.88,SEO,9,0,0,0
18_10_0027346,DOG,41.86,SEO,9,0,0,0
18_10_0027347,CAT,101.66,REDIRECT,6,0,0,0
18_10_0027349,DOG,164.42,SEO,5,74,1,0
18_10_0027350,DOG,121.87,SOCIAL,19,734,1,0
18_10_0027351,DOG,151.89,SEO,11,706,1,0
18_10_0027352,CAT,19.51,SOCIAL,4,0,0,0
18_10_0027353,DOG,166.21,SOCIAL,5,0,0,0
18_10_0027354,DOG,151.45,SEO,2,794,1,0
18_10_0027355,DOG,167.74,SEO,9,0,0,0
18_10_0027356,CAT,43.85,REDIRECT,10,737,1,0
18_10_0027357,DOG,133.31,SOCIAL,20,832,1,0
18_10_0027358,DOG,73.78,SEO,6,0,0,0
18_10_0027359,DOG,184.82,SEO,2,1052,1,0
18_10_0027360,DOG,98.10,SOCIAL,8,0,0,0
18_10_0027361,CAT,127.26,SEO,15,659,1,0
18_10_0027362,CAT,167.51,REDIRECT,14,343,1,0
18_10_0027364,DOG,41.94,SOCIAL,7,0,0,0
18_10_0027365,DOG,48.69,REDIRECT,3,67,1,0
18_10_0027366,CAT,19.81,SEO,8,1603,1,0
18_10_0027368,DOG,65.63,REDIRECT,3,106,1,0
18_10_0027369,OTHER,43.38,SOCIAL,1,1748,1,0
18_10_0027370,DOG,35.98,SOCIAL,8,0,0,0
18_10_0027371,DOG,55.59,REDIRECT,8,0,0,0
18_10_0027372,CAT,64.76,SOCIAL,9,661,1,0
18_10_0027374,DOG,120.95,SOCIAL,16,173,1,0
18_10_0027375,DOG,160.14,SEO,19,3467,1,0
18_10_0027376,DOG,15.46,SEO,7,0,0,0
18_10_0027377,DOG,83.45,DIRECT,22,437,1,0
18_10_0027378,DOG,82.37,SEO,9,2210,1,0
18_10_0027379,CAT,0.76,SOCIAL,0,0,0,0
18_10_0027380,DOG,90.27,DIRECT,33,714,1,0
18_10_0027381,DOG,163.21,SOCIAL,10,0,0,0
18_10_0027382,DOG,128.11,SOCIAL,5,83,1,0
18_10_0027383,DOG,19.49,SOCIAL,5,120,1,0
18_10_0027385,DOG,115.99,SEO,6,0,0,0
18_10_0027386,DOG,33.35,REDIRECT,4,0,0,0
18_10_0027388,CAT,126.98,SEO,17,294,1,0
18_10_0027389,DOG,20.68,SEO,10,0,0,0
18_10_0027390,DOG,22.61,REDIRECT,5,0,0,0
18_10_0027392,DOG,181.13,SOCIAL,12,316,1,0
18_10_0027393,CAT,74.50,REDIRECT,7,622,1,0
18_10_0027394,DOG,62.60,SEO,8,761,1,0
18_10_0027395,CAT,41.10,SOCIAL,18,1037,1,0
18_10_0027396,OTHER,82.06,SOCIAL,9,0,0,0
18_10_0027397,OTHER,100.73,REDIRECT,10,0,0,0
18_10_0027398,CAT,144.53,SOCIAL,17,225,1,0
18_10_0027399,OTHER,23.84,REDIRECT,25,2485,1,0
18_10_0027400,DOG,137.97,SEO,10,551,1,0
18_10_0027401,DOG,112.12,SOCIAL,4,559,1,0
18_10_0027402,CAT,53.14,REDIRECT,6,0,0,0
18_10_0027403,DOG,111.66,SEO,8,0,0,0
18_10_0027404,DOG,120.13,SEO,9,0,0,0
18_10_0027405,CAT,157.10,SEO,20,403,1,0
18_10_0027406,OTHER,170.12,REDIRECT,6,0,0,0
18_10_0027407,DOG,166.08,REDIRECT,13,2455,1,0
18_10_0027408,DOG,21.25,SEO,5,0,0,0
18_10_0027409,DOG,20.83,SOCIAL,4,0,0,0
18_10_0027410,DOG,105.56,SOCIAL,8,931,1,0
18_10_0027412,CAT,125.05,SEO,14,537,1,0
18_10_0027413,CAT,152.38,SEO,8,0,0,0
18_10_0027415,CAT,145.34,SEO,6,0,0,0
18_10_0027417,DOG,68.37,DIRECT,9,0,0,0
18_10_0027418,CAT,51.04,SOCIAL,11,524,1,0
18_10_0027419,OTHER,159.85,SEO,7,0,0,0
18_10_0027420,DOG,133.48,SOCIAL,4,0,0,0
18_10_0027421,DOG,109.54,SEO,10,458,1,0
18_10_0027422,OTHER,80.26,DIRECT,5,0,0,0
18_10_0027423,DOG,114.22,SOCIAL,4,976,1,0
18_10_0027424,DOG,287.65,REDIRECT,10,0,0,0
18_10_0027426,OTHER,92.85,REDIRECT,37,428,1,0
18_10_0027427,DOG,51.78,DIRECT,7,0,0,0
18_10_0027428,DOG,77.87,SOCIAL,9,0,0,0
18_10_0027429,CAT,127.26,SEO,10,0,0,0
18_10_0027430,DOG,141.84,SOCIAL,17,194,1,0
18_10_0027431,CAT,28.75,SEO,3,4696,1,0
18_10_0027433,CAT,157.84,SEO,8,166,1,0
18_10_0027434,DOG,74.64,SOCIAL,5,0,0,0
18_10_0027435,DOG,167.86,SOCIAL,4,2402,1,0
18_10_0027436,DOG,128.67,SEO,22,465,1,0
18_10_0027437,DOG,153.37,SOCIAL,1,576,1,0
18_10_0027438,CAT,114.76,SEO,9,0,0,0
18_10_0027439,DOG,129.38,SEO,10,241,1,0
18_10_0027440,DOG,131.73,SEO,9,0,0,0
18_10_0027441,DOG,132.29,SEO,2,550,1,0
18_10_0027443,CAT,178.86,SOCIAL,4,0,0,0
18_10_0027445,CAT,20.91,SOCIAL,5,0,0,0
18_10_0027446,DOG,58.87,SEO,6,0,0,0
18_10_0027447,DOG,91.60,REDIRECT,7,0,0,0
18_10_0027448,CAT,93.70,DIRECT,4,525,1,0
18_10_0027449,CAT,70.93,SOCIAL,25,564,1,0
18_10_0027450,CAT,42.16,REDIRECT,8,0,0,0
18_10_0027451,DOG,84.65,SOCIAL,7,414,1,0
18_10_0027452,CAT,178.13,SEO,6,0,0,0
18_10_0027453,DOG,160.22,SEO,20,658,1,0
18_10_0027455,DOG,15.75,SEO,2,0,0,0
18_10_0027456,CAT,117.75,SOCIAL,3,94,1,0
18_10_0027457,OTHER,148.92,SEO,7,0,0,0
18_10_0027458,OTHER,69.17,SEO,5,0,0,0
18_10_0027459,DOG,157.53,SEO,4,474,1,0
18_10_0027460,OTHER,156.94,SEO,9,0,0,0
18_10_0027462,CAT,181.55,SOCIAL,25,477,1,0
18_10_0027464,DOG,56.43,REDIRECT,21,433,1,0
18_10_0027465,OTHER,57.07,REDIRECT,12,887,1,0
18_10_0027466,DOG,129.21,SEO,15,925,1,0
18_10_0027467,OTHER,86.89,DIRECT,2,742,1,0
18_10_0027468,CAT,121.02,SEO,9,0,0,0
18_10_0027470,OTHER,156.43,SEO,10,0,0,0
18_10_0027471,CAT,42.87,SEO,5,0,0,0
18_10_0027472,OTHER,154.88,SOCIAL,5,0,0,0
18_10_0027473,DOG,125.55,SEO,10,975,1,0
18_10_0027475,DOG,146.34,SEO,2,3944,1,0
18_10_0027477,DOG,62.67,SOCIAL,15,924,1,0
18_10_0027478,OTHER,46.71,SEO,25,629,1,0
18_10_0027479,DOG,179.67,SEO,20,625,1,0
18_10_0027480,DOG,142.00,SEO,9,823,1,0
18_10_0027481,DOG,95.38,SOCIAL,3,770,1,0
18_10_0027482,DOG,148.89,SEO,7,829,1,0
18_10_0027483,CAT,48.43,REDIRECT,17,882,1,0
18_10_0027484,DOG,45.64,SOCIAL,10,0,0,0
18_10_0027485,CAT,71.38,SEO,23,961,1,0
18_10_0027486,DOG,146.15,SEO,22,3390,1,0
18_10_0027487,DOG,172.28,DIRECT,4,97,1,0
18_10_0027488,CAT,157.61,SEO,5,0,0,0
18_10_0027489,DOG,182.53,REDIRECT,22,550,1,0
18_10_0027491,DOG,28.66,SEO,6,3469,1,0
18_10_0027492,CAT,93.56,SOCIAL,32,788,1,0
18_10_0027493,DOG,87.32,SOCIAL,8,0,0,0
18_10_0027495,DOG,74.48,SOCIAL,4,0,0,0
18_10_0027496,DOG,145.95,SEO,9,0,0,0
18_10_0027497,CAT,57.98,SEO,4,135,1,0
18_10_0027499,CAT,45.63,SEO,4,119,1,0
18_10_0027500,DOG,150.73,SEO,7,546,1,0
18_10_0027501,CAT,23.31,SOCIAL,18,459,1,0
18_10_0027502,CAT,129.34,SOCIAL,19,840,1,0
18_10_0027503,CAT,100.28,SEO,10,0,0,0
18_10_0027504,CAT,98.94,SOCIAL,7,597,1,0
18_10_0027505,DOG,164.86,REDIRECT,8,0,0,0
18_10_0027506,CAT,127.68,SEO,6,268,1,0
18_10_0027507,DOG,132.22,SEO,22,905,1,0
18_10_0027508,OTHER,58.74,REDIRECT,9,0,0,0
18_10_0027509,DOG,149.16,SEO,6,558,1,0
18_10_0027510,DOG,175.87,SOCIAL,9,757,1,0
18_10_0027511,DOG,185.93,REDIRECT,18,1337,1,0
18_10_0027512,OTHER,174.79,SOCIAL,9,865,1,0
18_10_0027513,CAT,77.41,REDIRECT,7,0,0,0
18_10_0027514,DOG,101.08,SOCIAL,7,0,0,0
18_10_0027515,DOG,175.74,SOCIAL,6,253,1,0
18_10_0027516,OTHER,42.46,SEO,14,724,1,0
18_10_0027517,CAT,89.27,SEO,5,0,0,0
18_10_0027518,DOG,28.27,REDIRECT,4,0,0,0
18_10_0027519,OTHER,18.24,SEO,9,0,0,0
18_10_0027520,DOG,99.80,DIRECT,6,480,1,0
18_10_0027521,OTHER,114.09,SEO,15,217,1,0
18_10_0027522,DOG,129.43,SEO,17,228,1,0
18_10_0027523,DOG,110.86,SEO,20,3372,1,0
18_10_0027525,DOG,83.72,REDIRECT,7,257,1,0
18_10_0027527,DOG,33.28,SOCIAL,5,0,0,0
18_10_0027528,DOG,69.16,SOCIAL,30,0,0,0
18_10_0027529,DOG,77.47,SEO,9,885,1,0
18_10_0027530,DOG,45.92,SOCIAL,10,0,0,0
18_10_0027531,CAT,72.20,SOCIAL,8,0,0,0
18_10_0027532,DOG,135.97,SEO,12,688,1,0
18_10_0027534,DOG,91.55,REDIRECT,7,224,1,0
18_10_0027535,DOG,109.54,SEO,5,96,1,0
18_10_0027536,CAT,107.99,SEO,8,1525,1,0
18_10_0027537,CAT,68.20,DIRECT,30,0,0,0
18_10_0027538,DOG,180.51,SOCIAL,8,0,0,0
18_10_0027539,DOG,174.76,SEO,11,256,1,0
18_10_0027540,CAT,129.93,SEO,1,346,1,0
18_10_0027541,DOG,86.52,SOCIAL,20,462,1,0
18_10_0027543,CAT,115.95,SEO,8,772,1,0
18_10_0027544,CAT,161.05,SEO,6,0,0,0
18_10_0027545,DOG,162.64,SEO,7,566,1,0
18_10_0027546,DOG,184.16,SEO,21,984,1,0
18_10_0027547,OTHER,153.40,SEO,10,0,0,0
18_10_0027548,CAT,111.41,SEO,6,0,0,0
18_10_0027549,OTHER,150.15,SEO,18,617,1,0
18_10_0027550,DOG,75.01,DIRECT,4,0,0,0
18_10_0027552,DOG,128.48,SOCIAL,16,871,1,0
18_10_0027553,DOG,31.06,REDIRECT,19,3434,1,0
18_10_0027554,DOG,104.12,REDIRECT,19,185,1,0
18_10_0027555,DOG,52.37,SOCIAL,9,0,0,0
18_10_0027556,OTHER,146.43,SEO,6,694,1,0
18_10_0027557,OTHER,39.56,SOCIAL,19,445,1,0
18_10_0027558,CAT,116.81,SOCIAL,5,0,0,0
18_10_0027560,DOG,122.18,SEO,4,193,1,0
18_10_0027561,DOG,101.60,SOCIAL,8,0,0,0
18_10_0027562,DOG,107.39,SEO,4,70,1,0
18_10_0027563,CAT,87.72,REDIRECT,4,815,1,0
18_10_0027564,CAT,76.48,SOCIAL,4,0,0,0
18_10_0027565,DOG,187.56,SOCIAL,1,3215,1,0
18_10_0027566,DOG,180.77,SOCIAL,4,0,0,0
18_10_0027567,CAT,71.89,SOCIAL,5,0,0,0
18_10_0027568,CAT,107.54,SOCIAL,13,424,1,0
18_10_0027570,DOG,78.97,SEO,6,0,0,0
18_10_0027571,DOG,122.44,SEO,16,407,1,0
18_10_0027573,DOG,78.39,SOCIAL,7,0,0,0
18_10_0027575,DOG,114.59,SEO,9,0,0,0
18_10_0027576,DOG,179.28,SEO,1,573,1,0
18_10_0027577,CAT,42.52,REDIRECT,4,272,1,0
18_10_0027578,CAT,59.00,DIRECT,11,221,1,0
18_10_0027580,DOG,324.56,SOCIAL,7,506,1,0
18_10_0027581,DOG,111.18,SEO,3,4113,1,0
18_10_0027582,CAT,87.53,SOCIAL,5,103,1,0
18_10_0027583,DOG,173.13,DIRECT,10,0,0,0
18_10_0027584,CAT,144.49,SEO,17,2011,1,0
18_10_0027585,DOG,25.88,SEO,10,2643,1,0
18_10_0027586,DOG,66.49,DIRECT,3,0,0,0
18_10_0027587,CAT,48.02,REDIRECT,1,307,1,0
18_10_0027588,CAT,112.95,SEO,9,892,1,0
18_10_0027589,OTHER,49.31,REDIRECT,4,0,0,0
18_10_0027590,OTHER,162.60,REDIRECT,2,703,1,0
18_10_0027591,CAT,127.66,SEO,4,73,1,0
18_10_0027592,CAT,15.22,SOCIAL,1,0,0,0
18_10_0027593,DOG,151.00,SEO,6,0,0,0
18_10_0027594,DOG,182.01,SOCIAL,21,168,1,0
18_10_0027595,CAT,94.19,SEO,35,685,1,0
18_10_0027596,DOG,185.18,SEO,21,365,1,0
18_10_0027597,CAT,80.54,SOCIAL,4,139,1,0
18_10_0027598,DOG,89.85,SOCIAL,6,432,1,0
18_10_0027599,DOG,89.16,SOCIAL,4,151,1,0
18_10_0027600,DOG,31.52,SEO,19,582,1,0
18_10_0027601,CAT,138.89,SEO,24,361,1,0
18_10_0027602,DOG,66.10,DIRECT,5,392,1,0
18_10_0027603,DOG,135.63,SEO,2,523,1,0
18_10_0027604,DOG,123.05,SEO,25,944,1,0
18_10_0027605,DOG,150.46,SEO,4,0,0,0
18_10_0027606,OTHER,14.43,SEO,8,0,0,0
18_10_0027607,DOG,123.50,SEO,15,724,1,0
18_10_0027608,DOG,51.49,SOCIAL,6,0,0,0
18_10_0027609,OTHER,134.88,SEO,14,628,1,0
18_10_0027610,DOG,94.56,SEO,25,649,1,0
18_10_0027611,DOG,64.44,SEO,17,202,1,0
18_10_0027612,CAT,155.29,SOCIAL,19,404,1,0
18_10_0027613,DOG,19.55,SOCIAL,7,0,0,0
18_10_0027615,DOG,25.92,SEO,10,0,0,0
18_10_0027616,DOG,59.05,SEO,6,0,0,0
18_10_0027618,CAT,33.08,SEO,4,834,1,0
18_10_0027619,DOG,116.04,SEO,10,188,1,0
18_10_0027620,DOG,142.04,SEO,8,853,1,0
18_10_0027621,DOG,21.63,SOCIAL,2,389,1,0
18_10_0027622,CAT,147.77,SEO,10,536,1,0
18_10_0027623,DOG,13.64,SEO,4,638,1,0
18_10_0027624,CAT,24.48,SOCIAL,8,0,0,0
18_10_0027625,DOG,15.57,SOCIAL,4,0,0,0
18_10_0027626,CAT,40.82,REDIRECT,8,0,0,0
18_10_0027627,CAT,176.38,SOCIAL,12,850,1,0
18_10_0027628,DOG,89.70,DIRECT,22,669,1,0
18_10_0027629,DOG,13.23,SOCIAL,4,0,0,0
18_10_0027630,CAT,185.12,SOCIAL,6,0,0,0
18_10_0027631,CAT,66.42,SOCIAL,7,0,0,0
18_10_0027632,DOG,28.82,REDIRECT,8,3373,1,0
18_10_0027633,DOG,95.25,SEO,8,672,1,0
18_10_0027634,DOG,153.95,SEO,22,781,1,0
18_10_0027635,CAT,108.63,SEO,6,1746,1,0
18_10_0027636,DOG,181.18,SOCIAL,13,875,1,0
18_10_0027637,CAT,101.17,SEO,7,0,0,0
18_10_0027638,DOG,36.20,REDIRECT,3,910,1,0
18_10_0027640,DOG,178.72,SOCIAL,6,795,1,0
18_10_0027641,DOG,169.21,SOCIAL,10,0,0,0
18_10_0027642,DOG,71.16,DIRECT,23,399,1,0
18_10_0027643,DOG,41.06,SEO,13,923,1,0
18_10_0027644,OTHER,112.49,SEO,12,776,1,0
18_10_0027646,CAT,156.01,SEO,7,384,1,0
18_10_0027647,DOG,57.42,SEO,3,101,1,0
18_10_0027648,CAT,186.53,SOCIAL,4,0,0,0
18_10_0027649,DOG,61.64,SEO,10,0,0,0
18_10_0027650,DOG,152.23,SEO,19,565,1,0
18_10_0027651,OTHER,119.54,SEO,10,0,0,0
18_10_0027652,DOG,102.61,SEO,22,516,1,0
18_10_0027653,DOG,123.14,SOCIAL,9,0,0,0
18_10_0027654,CAT,162.83,SEO,22,663,1,0
18_10_0027655,DOG,55.81,DIRECT,4,122,1,0
18_10_0027656,DOG,151.65,SEO,1,472,1,0
18_10_0027657,CAT,56.46,SOCIAL,3,322,1,0
18_10_0027658,DOG,40.04,REDIRECT,9,0,0,0
18_10_0027659,DOG,164.34,SEO,23,368,1,0
18_10_0027660,DOG,98.66,SEO,7,751,1,0
18_10_0027661,DOG,60.44,DIRECT,9,0,0,0
18_10_0027662,DOG,27.56,SOCIAL,1,682,1,0
18_10_0027665,DOG,171.46,DIRECT,7,0,0,0
18_10_0027666,OTHER,133.21,SEO,21,913,1,0
18_10_0027667,DOG,73.99,SEO,37,606,1,0
18_10_0027668,OTHER,146.32,SEO,7,3428,1,0
18_10_0027669,OTHER,140.48,SEO,10,0,0,0
18_10_0027670,CAT,40.60,SOCIAL,19,767,1,0
18_10_0027672,CAT,143.16,SOCIAL,10,0,0,0
18_10_0027675,OTHER,162.65,SEO,7,0,0,0
18_10_0027676,CAT,184.51,SEO,19,1007,1,0
18_10_0027679,CAT,67.17,REDIRECT,4,0,0,0
18_10_0027680,DOG,78.52,SOCIAL,8,0,0,0
18_10_0027683,CAT,139.85,SOCIAL,7,0,0,0
18_10_0027684,DOG,27.54,SOCIAL,12,896,1,0
18_10_0027685,CAT,82.95,SEO,7,2499,1,0
18_10_0027686,CAT,33.42,SOCIAL,6,247,1,0
18_10_0027687,CAT,187.03,SOCIAL,4,581,1,0
18_10_0027688,DOG,52.59,REDIRECT,2,626,1,0
18_10_0027689,DOG,14.55,SEO,7,0,0,0
18_10_0027690,DOG,155.48,SEO,18,315,1,0
18_10_0027691,OTHER,122.39,SEO,22,947,1,0
18_10_0027692,DOG,46.22,SOCIAL,7,0,0,0
18_10_0027693,DOG,52.39,DIRECT,10,0,0,0
18_10_0027694,OTHER,161.19,REDIRECT,2,426,1,0
18_10_0027695,OTHER,45.64,SOCIAL,8,0,0,0
18_10_0027696,OTHER,25.48,SOCIAL,6,0,0,0
18_10_0027697,OTHER,131.71,SOCIAL,7,822,1,0
18_10_0027698,CAT,178.42,REDIRECT,8,0,0,0
18_10_0027699,DOG,174.24,SOCIAL,5,869,1,0
18_10_0027700,DOG,130.95,SEO,14,265,1,0
18_10_0027701,CAT,186.75,SOCIAL,4,147,1,0
18_10_0027702,OTHER,113.74,SOCIAL,10,0,0,0
18_10_0027703,DOG,14.96,SEO,8,0,0,0
18_10_0027704,DOG,85.09,SEO,30,847,1,0
18_10_0027705,CAT,56.24,SEO,7,0,0,0
18_10_0027706,OTHER,100.84,SEO,4,0,0,0
18_10_0027707,CAT,182.81,SOCIAL,18,609,1,0
18_10_0027710,CAT,126.48,SEO,6,0,0,0
18_10_0027711,DOG,56.53,DIRECT,6,242,1,0
18_10_0027712,CAT,161.49,SOCIAL,23,2174,1,0
18_10_0027713,DOG,35.25,REDIRECT,8,0,0,0
18_10_0027715,CAT,87.39,SEO,30,3576,1,0
18_10_0027716,OTHER,113.99,SEO,11,162,1,0
18_10_0027717,CAT,114.63,SOCIAL,4,0,0,0
18_10_0027718,DOG,117.59,SEO,5,0,0,0
18_10_0027719,CAT,154.43,SEO,20,578,1,0
18_10_0027720,CAT,121.06,SEO,4,93,1,0
18_10_0027721,OTHER,18.63,SEO,5,0,0,0
18_10_0027722,CAT,75.12,REDIRECT,34,866,1,0
18_10_0027723,DOG,111.01,SOCIAL,4,110,1,0
18_10_0027724,OTHER,31.47,SEO,4,0,0,0
18_10_0027727,OTHER,172.06,REDIRECT,14,596,1,0
18_10_0027728,OTHER,127.52,SEO,3,121,1,0
18_10_0027729,OTHER,119.98,SEO,7,0,0,0
18_10_0027730,OTHER,26.39,REDIRECT,9,0,0,0
18_10_0027731,DOG,94.78,SOCIAL,5,421,1,0
18_10_0027732,OTHER,17.46,DIRECT,6,0,0,0
18_10_0027733,OTHER,62.53,SEO,5,574,1,0
18_10_0027734,CAT,24.58,SEO,6,0,0,0
18_10_0027735,OTHER,183.23,SOCIAL,6,0,0,0
18_10_0027736,CAT,109.25,SOCIAL,4,0,0,0
18_10_0027737,DOG,55.59,SEO,5,0,0,0
18_10_0027738,DOG,115.06,SEO,21,531,1,0
18_10_0027739,CAT,161.19,SEO,23,773,1,0
18_10_0027740,OTHER,118.70,SEO,8,0,0,0
18_10_0027741,CAT,175.25,SOCIAL,1,857,1,0
18_10_0027742,OTHER,119.98,SOCIAL,4,0,0,0
18_10_0027744,CAT,184.11,REDIRECT,25,1235,1,0
18_10_0027745,CAT,155.64,SEO,1,350,1,0
18_10_0027747,CAT,66.91,DIRECT,3,723,1,0
18_10_0027748,DOG,101.34,SEO,4,0,0,0
18_10_0027749,DOG,30.44,SEO,8,957,1,0
18_10_0027750,CAT,129.65,SEO,21,557,1,0
18_10_0027751,OTHER,107.48,SOCIAL,8,0,0,0
18_10_0027752,CAT,125.33,SEO,25,449,1,0
18_10_0027755,OTHER,124.63,SEO,8,0,0,0
18_10_0027756,OTHER,82.55,SOCIAL,33,327,1,0
18_10_0027758,OTHER,177.38,SOCIAL,6,0,0,0
18_10_0027759,CAT,21.65,SOCIAL,11,568,1,0
18_10_0027760,CAT,172.81,SEO,20,627,1,0
18_10_0027761,CAT,136.36,SEO,8,0,0,0
18_10_0027762,DOG,120.17,SOCIAL,8,956,1,0
18_10_0027763,OTHER,187.14,SOCIAL,11,3295,1,0
18_10_0027765,DOG,132.12,SOCIAL,5,220,1,0
18_10_0027766,DOG,19.59,SOCIAL,9,0,0,0
18_10_0027767,CAT,38.95,SOCIAL,11,426,1,0
18_10_0027768,DOG,107.56,SEO,18,785,1,0
18_10_0027769,DOG,68.21,SEO,9,0,0,0
18_10_0027770,DOG,159.58,SEO,22,891,1,0
18_10_0027771,OTHER,89.14,SOCIAL,3,388,1,0
18_10_0027772,DOG,108.62,SOCIAL,9,286,1,0
18_10_0027773,DOG,98.45,SEO,35,478,1,0
18_10_0027774,CAT,177.96,SOCIAL,17,561,1,0
18_10_0027775,OTHER,46.15,SOCIAL,10,0,0,0
18_10_0027776,DOG,185.02,SOCIAL,18,656,1,0
18_10_0027777,CAT,15.43,SEO,2,0,0,0
18_10_0027778,CAT,139.43,SOCIAL,5,0,0,0
18_10_0027779,DOG,67.15,REDIRECT,4,0,0,0
18_10_0027780,CAT,121.48,SEO,23,1993,1,0
18_10_0027781,CAT,91.42,REDIRECT,2,152,1,0
18_10_0027782,CAT,113.27,SOCIAL,4,141,1,0
18_10_0027784,DOG,53.80,SOCIAL,4,755,1,0
18_10_0027786,DOG,132.28,SEO,8,0,0,0
18_10_0027787,OTHER,73.33,REDIRECT,6,0,0,0
18_10_0027788,CAT,161.71,SOCIAL,22,2216,1,0
18_10_0027789,DOG,185.91,SOCIAL,22,400,1,0
18_10_0027790,OTHER,156.46,SEO,10,0,0,0
18_10_0027791,DOG,9.00,DIRECT,9,415,1,0
18_10_0027792,OTHER,122.35,SOCIAL,21,461,1,0
18_10_0027793,DOG,62.00,SEO,13,215,1,0
18_10_0027794,OTHER,144.83,SEO,5,2469,1,0
18_10_0027795,DOG,51.78,SOCIAL,6,0,0,0
18_10_0027796,DOG,172.56,SOCIAL,5,144,1,0
18_10_0027797,DOG,155.69,SEO,19,809,1,0
18_10_0027798,CAT,99.18,REDIRECT,9,0,0,0
18_10_0027799,OTHER,51.37,SOCIAL,3,125,1,0
18_10_0027801,OTHER,114.02,SEO,23,157,1,0
18_10_0027803,DOG,147.27,SEO,23,497,1,0
18_10_0027804,CAT,47.03,SEO,24,872,1,0
18_10_0027805,DOG,100.06,SEO,6,918,1,0
18_10_0027806,DOG,122.24,SEO,10,406,1,0
18_10_0027808,CAT,158.92,SEO,12,580,1,0
18_10_0027809,CAT,16.28,SEO,10,0,0,0
18_10_0027810,DOG,127.74,SEO,17,323,1,0
18_10_0027811,OTHER,134.41,SEO,3,803,1,0
18_10_0027812,CAT,40.96,SOCIAL,18,945,1,0
18_10_0027813,DOG,31.61,REDIRECT,4,0,0,0
18_10_0027814,OTHER,161.83,SEO,15,970,1,0
18_10_0027815,DOG,177.26,SOCIAL,9,248,1,0
18_10_0027816,DOG,58.75,REDIRECT,4,137,1,0
18_10_0027817,CAT,83.98,SEO,30,0,0,0
18_10_0027818,DOG,78.14,SOCIAL,8,0,0,0
18_10_0027819,DOG,123.39,SOCIAL,2,919,1,0
18_10_0027820,OTHER,89.77,SEO,39,562,1,0
18_10_0027821,OTHER,143.61,SEO,9,171,1,0
18_10_0027822,CAT,73.75,SEO,6,0,0,0
18_10_0027823,DOG,101.99,SEO,10,0,0,0
18_10_0027825,CAT,50.67,SOCIAL,4,0,0,0
18_10_0027826,DOG,129.25,SEO,21,825,1,0
18_10_0027827,DOG,88.11,REDIRECT,7,721,1,0
18_10_0027828,CAT,147.14,SEO,20,991,1,0
18_10_0027829,DOG,40.72,SOCIAL,8,0,0,0
18_10_0027830,OTHER,166.23,SEO,15,960,1,0
18_10_0027833,OTHER,87.50,SOCIAL,23,285,1,0
18_10_0027834,OTHER,61.06,DIRECT,10,0,0,0
18_10_0027835,CAT,27.47,REDIRECT,4,0,0,0
18_10_0027836,CAT,144.39,SEO,23,985,1,0
18_10_0027837,CAT,106.64,SEO,21,1128,1,0
18_10_0027838,DOG,41.40,SOCIAL,11,1367,1,0
18_10_0027839,DOG,61.21,SOCIAL,9,0,0,0
18_10_0027840,CAT,169.42,SEO,7,0,0,0
18_10_0027841,DOG,45.12,SOCIAL,9,0,0,0
18_10_0027842,CAT,164.11,SOCIAL,10,0,0,0
18_10_0027844,CAT,115.60,SEO,7,0,0,0
18_10_0027845,CAT,149.20,SEO,6,0,0,0
18_10_0027846,OTHER,97.96,DIRECT,5,0,0,0
18_10_0027847,OTHER,171.85,DIRECT,6,0,0,0
18_10_0027848,DOG,121.39,SOCIAL,19,836,1,0
18_10_0027850,CAT,64.03,SOCIAL,12,256,1,0
18_10_0027851,CAT,32.27,REDIRECT,2,864,1,0
18_10_0027852,CAT,105.77,REDIRECT,9,410,1,0
18_10_0027853,CAT,169.42,SEO,8,153,1,0
18_10_0027854,CAT,186.08,REDIRECT,4,0,0,0
18_10_0027855,OTHER,58.01,SEO,22,811,1,0
18_10_0027856,CAT,140.37,SEO,10,374,1,0
18_10_0027857,CAT,171.57,SOCIAL,11,4109,1,0
18_10_0027858,DOG,108.27,SOCIAL,14,599,1,0
18_10_0027859,OTHER,84.77,SOCIAL,9,660,1,0
18_10_0027860,CAT,148.87,SEO,9,0,0,0
18_10_0027861,CAT,62.75,REDIRECT,15,321,1,0
18_10_0027863,OTHER,178.75,SEO,9,0,0,0
18_10_0027864,CAT,116.33,SEO,8,0,0,0
18_10_0027865,DOG,26.43,SOCIAL,5,192,1,0
18_10_0027866,DOG,17.79,SEO,10,0,0,0
18_10_0027867,CAT,173.31,REDIRECT,14,377,1,0
18_10_0027868,OTHER,35.04,SOCIAL,1,994,1,0
18_10_0027869,DOG,95.26,SOCIAL,20,747,1,0
18_10_0027870,OTHER,48.09,SEO,8,0,0,0
18_10_0027871,CAT,168.33,SEO,16,958,1,0
18_10_0027872,DOG,17.52,SEO,6,0,0,0
18_10_0027873,DOG,104.97,SEO,2,296,1,0
18_10_0027874,CAT,82.75,DIRECT,23,945,1,0
18_10_0027875,CAT,36.80,SOCIAL,5,0,0,0
18_10_0027878,DOG,163.22,SEO,8,0,0,0
18_10_0027879,CAT,33.70,REDIRECT,17,250,1,0
18_10_0027880,DOG,77.44,SOCIAL,5,276,1,0
18_10_0027881,OTHER,49.31,REDIRECT,6,0,0,0
18_10_0027882,CAT,69.47,SEO,23,942,1,0
18_10_0027883,DOG,152.77,SEO,17,453,1,0
18_10_0027884,CAT,0.31,REDIRECT,0,0,0,0
18_10_0027885,CAT,71.30,SOCIAL,23,223,1,0
18_10_0027886,CAT,85.23,REDIRECT,8,0,0,0
18_10_0027887,CAT,131.85,SEO,8,0,0,0
18_10_0027888,CAT,65.90,SEO,1,895,1,0
18_10_0027890,OTHER,31.40,SEO,8,0,0,0
18_10_0027891,DOG,166.80,REDIRECT,8,479,1,0
18_10_0027892,OTHER,128.90,SEO,10,0,0,0
18_10_0027893,OTHER,100.24,SEO,8,0,0,0
18_10_0027894,CAT,180.19,REDIRECT,1,1082,1,0
18_10_0027895,OTHER,14.47,SEO,10,0,0,0
18_10_0027896,OTHER,116.24,SOCIAL,23,921,1,0
18_10_0027898,OTHER,99.24,SEO,5,0,0,0
18_10_0027900,OTHER,117.93,SEO,6,0,0,0
18_10_0027901,DOG,17.86,SEO,7,0,0,0
18_10_0027902,CAT,128.27,SEO,25,598,1,0
18_10_0027903,CAT,116.39,SEO,5,68,1,0
18_10_0027904,CAT,120.45,SOCIAL,6,0,0,0
18_10_0027905,OTHER,142.73,SEO,14,1422,1,0
18_10_0027906,OTHER,95.73,DIRECT,4,0,0,0
18_10_0027907,OTHER,74.00,REDIRECT,2,156,1,0
18_10_0027908,CAT,18.51,SOCIAL,6,277,1,0
18_10_0027909,OTHER,132.47,SEO,4,780,1,0
18_10_0027910,CAT,142.10,SEO,20,673,1,0
18_10_0027911,DOG,60.06,SEO,5,95,1,0
18_10_0027912,CAT,92.67,SOCIAL,23,897,1,0
18_10_0027913,OTHER,98.35,SOCIAL,6,0,0,0
18_10_0027915,CAT,13.26,SEO,4,0,0,0
18_10_0027916,OTHER,44.74,SOCIAL,22,2485,1,0
18_10_0027917,CAT,113.34,SOCIAL,7,214,1,0
18_10_0027918,OTHER,158.28,SEO,5,0,0,0
18_10_0027919,OTHER,155.17,SEO,16,404,1,0
18_10_0027920,OTHER,22.94,REDIRECT,4,0,0,0
18_10_0027921,CAT,177.60,REDIRECT,14,707,1,0
18_10_0027922,DOG,184.51,SEO,18,1030,1,0
18_10_0027923,DOG,186.49,REDIRECT,23,471,1,0
18_10_0027924,DOG,92.69,REDIRECT,37,700,1,0
18_10_0027925,DOG,29.74,SOCIAL,2,507,1,0
18_10_0027926,DOG,70.81,DIRECT,6,334,1,0
18_10_0027927,DOG,87.37,SOCIAL,4,792,1,0
18_10_0027928,OTHER,122.93,SEO,14,985,1,0
18_10_0027929,CAT,84.20,SEO,35,3530,1,0
18_10_0027930,OTHER,186.22,SOCIAL,4,670,1,0
18_10_0027931,DOG,22.61,SOCIAL,6,360,1,0
18_10_0027932,CAT,160.50,SEO,22,262,1,0
18_10_0027933,OTHER,169.13,SOCIAL,6,0,0,0
18_10_0027934,DOG,185.98,SEO,15,240,1,0
18_10_0027935,CAT,163.25,SEO,13,299,1,0
18_10_0027936,DOG,93.65,REDIRECT,33,668,1,0
18_10_0027937,DOG,136.17,SOCIAL,18,799,1,0
18_10_0027938,CAT,149.85,SEO,22,348,1,0
18_10_0027939,OTHER,107.37,SEO,4,0,0,0
18_10_0027940,DOG,144.75,SOCIAL,8,727,1,0
18_10_0027941,OTHER,112.03,SOCIAL,4,0,0,0
18_10_0027942,CAT,71.49,DIRECT,9,0,0,0
18_10_0027943,OTHER,105.67,REDIRECT,3,91,1,0
18_10_0027945,OTHER,162.35,REDIRECT,8,0,0,0
18_10_0027946,CAT,175.46,SOCIAL,8,189,1,0
18_10_0027947,CAT,178.58,SOCIAL,9,944,1,0
18_10_0027948,OTHER,89.99,SEO,23,708,1,0
18_10_0027949,DOG,172.89,DIRECT,9,382,1,0
18_10_0027950,CAT,58.73,DIRECT,21,647,1,0
18_10_0027951,OTHER,131.09,SEO,5,148,1,0
18_10_0027952,OTHER,57.16,SOCIAL,5,113,1,0
18_10_0027953,DOG,101.71,SOCIAL,2,187,1,0
18_10_0027954,OTHER,170.32,REDIRECT,14,603,1,0
18_10_0027955,CAT,132.77,SEO,16,624,1,0
18_10_0027956,CAT,16.44,SOCIAL,10,1046,1,0
18_10_0027957,DOG,54.38,SEO,8,190,1,0
18_10_0027958,OTHER,186.78,SOCIAL,16,966,1,0
18_10_0027960,OTHER,94.22,DIRECT,7,0,0,0
18_10_0027961,CAT,112.53,SEO,8,0,0,0
18_10_0027962,DOG,160.15,SEO,1,978,1,0
18_10_0027964,DOG,88.97,SEO,23,460,1,0
18_10_0027965,OTHER,13.33,SOCIAL,8,0,0,0
18_10_0027966,DOG,130.30,SEO,8,746,1,0
18_10_0027967,OTHER,79.67,DIRECT,39,696,1,0
18_10_0027968,OTHER,27.41,SEO,9,3119,1,0
18_10_0027970,CAT,177.91,SEO,6,0,0,0
18_10_0027971,CAT,87.22,SOCIAL,3,791,1,0
18_10_0027972,CAT,26.92,SEO,10,0,0,0
18_10_0027973,CAT,57.89,REDIRECT,14,335,1,0
18_10_0027974,OTHER,144.17,SEO,6,2004,1,0
18_10_0027975,DOG,174.25,REDIRECT,17,414,1,0
18_10_0027976,CAT,175.90,SOCIAL,6,548,1,0
18_10_0027977,OTHER,49.76,SOCIAL,4,349,1,0
18_10_0027978,DOG,141.45,SEO,11,618,1,0
18_10_0027979,DOG,46.35,SOCIAL,9,0,0,0
18_10_0027981,CAT,104.53,SOCIAL,4,198,1,0
18_10_0027982,DOG,47.83,REDIRECT,9,0,0,0
18_10_0027984,DOG,139.03,SEO,15,573,1,0
18_10_0027985,OTHER,54.27,DIRECT,8,0,0,0
18_10_0027986,OTHER,85.38,SOCIAL,9,0,0,0
18_10_0027988,OTHER,88.01,DIRECT,32,181,1,0
18_10_0027989,OTHER,131.70,SOCIAL,5,0,0,0
18_10_0027990,OTHER,130.73,SEO,10,0,0,0
18_10_0027991,DOG,112.47,SOCIAL,12,876,1,0
18_10_0027992,DOG,84.16,SEO,37,3178,1,0
18_10_0027993,CAT,95.96,SEO,5,539,1,0
18_10_0027994,DOG,187.87,SOCIAL,7,0,0,0
18_10_0027995,OTHER,122.10,SOCIAL,17,508,1,0
18_10_0027996,DOG,136.35,SEO,19,235,1,0
18_10_0027997,CAT,157.10,SEO,11,835,1,0
18_10_0027998,CAT,146.02,SEO,8,2934,1,0
18_10_0027999,OTHER,100.96,SOCIAL,8,0,0,0
18_10_0028000,OTHER,143.15,SOCIAL,19,818,1,0
18_10_0028001,CAT,81.27,SEO,2,1935,1,0
18_10_0028002,DOG,74.79,SOCIAL,4,0,0,0
18_10_0028003,CAT,87.26,SEO,5,0,0,0
18_10_0028004,DOG,177.62,SOCIAL,25,301,1,0
18_10_0028005,CAT,33.57,SEO,8,0,0,0
18_10_0028006,OTHER,97.43,SEO,22,940,1,0
18_10_0028008,DOG,131.40,SEO,6,0,0,0
18_10_0028009,DOG,42.15,SOCIAL,4,0,0,0
18_10_0028011,CAT,168.90,SEO,8,730,1,0
18_10_0028013,DOG,61.86,REDIRECT,3,263,1,0
18_10_0028014,DOG,132.46,SEO,13,643,1,0
18_10_0028015,DOG,175.16,SEO,3,341,1,0
18_10_0028016,DOG,149.21,SOCIAL,20,967,1,0
18_10_0028017,DOG,88.46,REDIRECT,23,915,1,0
18_10_0028018,DOG,95.95,SOCIAL,5,765,1,0
18_10_0028019,DOG,82.17,REDIRECT,34,309,1,0
18_10_0028020,DOG,62.58,DIRECT,8,0,0,0
18_10_0028022,DOG,67.66,SOCIAL,38,893,1,0
18_10_0028023,OTHER,68.58,SEO,23,430,1,0
18_10_0028024,OTHER,174.69,SEO,3,490,1,0
18_10_0028025,DOG,111.76,SEO,4,0,0,0
18_10_0028026,DOG,78.78,REDIRECT,6,0,0,0
18_10_0028027,OTHER,104.95,SOCIAL,5,0,0,0
18_10_0028029,OTHER,147.13,SEO,22,758,1,0
18_10_0028030,OTHER,152.42,SEO,9,906,1,0
18_10_0028031,OTHER,104.63,SEO,13,280,1,0
18_10_0028032,OTHER,131.42,SOCIAL,24,345,1,0
18_10_0028033,DOG,171.30,REDIRECT,3,328,1,0
18_10_0028034,DOG,157.34,SOCIAL,21,381,1,0
18_10_0028035,OTHER,50.92,REDIRECT,9,0,0,0
18_10_0028036,DOG,180.38,REDIRECT,5,656,1,0
18_10_0028037,DOG,649.02,SOCIAL,24,577,1,0
18_10_0028039,OTHER,24.92,SOCIAL,6,0,0,0
18_10_0028041,OTHER,167.81,SEO,10,0,0,0
18_10_0028042,DOG,33.74,SOCIAL,4,729,1,0
18_10_0028043,DOG,122.50,SEO,17,722,1,0
18_10_0028044,OTHER,156.76,SOCIAL,7,0,0,0
18_10_0028045,DOG,21.36,REDIRECT,8,0,0,0
18_10_0028046,DOG,130.21,SEO,4,0,0,0
18_10_0028047,OTHER,88.41,REDIRECT,30,0,0,0
18_10_0028048,OTHER,160.18,SEO,8,996,1,0
18_10_0028049,DOG,38.48,SEO,14,874,1,0
18_10_0028051,DOG,115.21,SEO,15,583,1,0
18_10_0028052,DOG,123.99,SEO,1,576,1,0
18_10_0028053,OTHER,63.21,DIRECT,25,427,1,0
18_10_0028054,OTHER,109.60,SEO,20,2415,1,0
18_10_0028055,DOG,156.04,SOCIAL,4,342,1,0
18_10_0028056,OTHER,136.85,SEO,4,0,0,0
18_10_0028058,OTHER,62.41,REDIRECT,1,318,1,0
18_10_0028060,OTHER,60.44,REDIRECT,9,487,1,0
18_10_0028061,DOG,128.18,SOCIAL,5,338,1,0
18_10_0028062,OTHER,17.63,SEO,4,0,0,0
18_10_0028063,OTHER,170.42,SOCIAL,21,2887,1,0
18_10_0028064,DOG,81.99,SOCIAL,34,798,1,0
18_10_0028066,DOG,186.33,SOCIAL,5,0,0,0
18_10_0028067,DOG,100.85,SOCIAL,8,0,0,0
18_10_0028068,DOG,27.67,REDIRECT,5,0,0,0
18_10_0028069,DOG,41.24,SOCIAL,16,1344,1,0
18_10_0028071,DOG,26.83,SOCIAL,3,85,1,0
18_10_0028073,DOG,173.41,SOCIAL,18,652,1,0
18_10_0028074,OTHER,117.44,SOCIAL,3,150,1,0
18_10_0028075,OTHER,78.88,SEO,39,1184,1,0
18_10_0028076,OTHER,147.46,SOCIAL,7,0,0,0
18_10_0028077,DOG,23.13,SEO,4,1960,1,0
18_10_0028078,DOG,91.61,DIRECT,6,291,1,0
18_10_0028079,DOG,97.80,SOCIAL,30,602,1,0
18_10_0028080,DOG,19.41,SEO,8,0,0,0
18_10_0028081,DOG,172.48,SOCIAL,3,112,1,0
18_10_0028082,OTHER,165.75,SEO,11,447,1,0
18_10_0028083,OTHER,18.47,SOCIAL,4,916,1,0
18_10_0028084,OTHER,170.10,SOCIAL,12,2456,1,0
18_10_0028085,DOG,128.80,SEO,8,308,1,0
18_10_0028087,OTHER,122.49,SEO,22,1153,1,0
18_10_0028088,DOG,44.72,SOCIAL,5,2373,1,0
18_10_0028089,DOG,119.23,SEO,4,0,0,0
18_10_0028091,DOG,46.14,SOCIAL,4,3542,1,0
18_10_0028092,OTHER,22.79,SEO,4,0,0,0
18_10_0028093,DOG,163.81,SOCIAL,15,2292,1,0
18_10_0028095,OTHER,134.98,SOCIAL,8,295,1,0
18_10_0028096,OTHER,160.72,SOCIAL,6,0,0,0
18_10_0028097,OTHER,24.58,SOCIAL,17,687,1,0
18_10_0028098,DOG,71.15,DIRECT,5,611,1,0
18_10_0028099,DOG,134.41,SEO,5,0,0,0
18_10_0028100,DOG,33.07,REDIRECT,6,0,0,0
18_10_0028101,DOG,103.14,SEO,21,657,1,0
18_10_0028102,OTHER,85.40,DIRECT,37,463,1,0
18_10_0028103,OTHER,34.34,REDIRECT,8,0,0,0
18_10_0028104,DOG,106.65,SEO,16,585,1,0
18_10_0028105,DOG,80.37,SEO,6,1702,1,0
18_10_0028106,DOG,94.73,SOCIAL,8,782,1,0
18_10_0028107,DOG,143.72,SEO,20,1809,1,0
18_10_0028108,DOG,86.07,DIRECT,39,517,1,0
18_10_0028109,DOG,175.16,SOCIAL,24,886,1,0
18_10_0028110,DOG,50.13,SOCIAL,7,448,1,0
18_10_0028111,DOG,186.33,SOCIAL,15,363,1,0
18_10_0028112,DOG,139.43,SOCIAL,3,408,1,0
18_10_0028113,OTHER,90.14,DIRECT,36,255,1,0
18_10_0028114,OTHER,120.58,SEO,13,623,1,0
18_10_0028115,DOG,22.19,SEO,9,0,0,0
18_10_0028116,OTHER,140.97,SOCIAL,4,0,0,0
18_10_0028117,OTHER,71.70,REDIRECT,5,0,0,0
18_10_0028118,DOG,142.52,SOCIAL,24,899,1,0
18_10_0028119,DOG,118.87,SEO,4,226,1,0
18_10_0028120,OTHER,150.01,SOCIAL,5,493,1,0
18_10_0028121,DOG,55.07,SOCIAL,7,0,0,0
18_10_0028122,DOG,179.81,SOCIAL,6,555,1,0
18_10_0028123,OTHER,57.49,SEO,24,616,1,0
18_10_0028124,OTHER,158.82,SEO,5,914,1,0
18_10_0028127,DOG,67.96,DIRECT,7,0,0,0
18_10_0028128,DOG,173.26,REDIRECT,16,342,1,0
18_10_0028129,OTHER,161.18,SEO,21,648,1,0
18_10_0028130,OTHER,178.84,REDIRECT,14,1034,1,0
18_10_0028131,OTHER,80.69,SOCIAL,5,0,0,0
18_10_0028132,DOG,50.04,REDIRECT,9,0,0,0
18_10_0028133,DOG,65.74,DIRECT,9,0,0,0
18_10_0028134,OTHER,14.94,SEO,8,0,0,0
18_10_0028135,DOG,159.21,SOCIAL,2,709,1,0
18_10_0028136,DOG,137.91,SEO,23,980,1,0
18_10_0028137,DOG,161.99,SOCIAL,20,2217,1,0
18_10_0028138,OTHER,44.39,SOCIAL,11,2157,1,0
18_10_0028139,DOG,47.71,REDIRECT,14,686,1,0
18_10_0028140,DOG,65.12,REDIRECT,4,80,1,0
18_10_0028141,DOG,55.39,SEO,4,0,0,0
18_10_0028142,DOG,185.41,SEO,9,203,1,0
18_10_0028144,OTHER,60.86,DIRECT,14,304,1,0
18_10_0028145,OTHER,80.66,REDIRECT,6,777,1,0
18_10_0028146,DOG,88.81,DIRECT,35,988,1,0
18_10_0028147,OTHER,132.63,SEO,25,715,1,0
18_10_0028148,DOG,163.77,SOCIAL,4,0,0,0
18_10_0028149,OTHER,169.31,SEO,24,521,1,0
18_10_0028150,DOG,181.51,SOCIAL,7,753,1,0
18_10_0028151,DOG,165.92,SEO,6,2414,1,0
18_10_0028152,OTHER,163.51,REDIRECT,9,0,0,0
18_10_0028154,DOG,140.71,SEO,19,702,1,0
18_10_0028156,DOG,38.67,SEO,22,842,1,0
18_10_0028157,OTHER,32.18,SOCIAL,5,179,1,0
18_10_0028158,DOG,34.72,SEO,1,679,1,0
18_10_0028159,DOG,66.19,SEO,5,0,0,0
18_10_0028160,DOG,66.61,SEO,7,591,1,0
18_10_0028161,OTHER,172.41,DIRECT,9,0,0,0
18_10_0028162,DOG,25.89,SOCIAL,10,769,1,0
18_10_0028163,DOG,148.64,SEO,10,594,1,0
18_10_0028164,OTHER,170.14,SEO,3,133,1,0
18_10_0028166,DOG,15.23,SOCIAL,7,0,0,0
18_10_0028167,OTHER,139.05,SEO,6,0,0,0
18_10_0028168,DOG,119.29,SEO,14,979,1,0
18_10_0028169,DOG,135.07,SEO,5,123,1,0
18_10_0028170,DOG,44.19,SOCIAL,6,0,0,0
18_10_0028171,OTHER,94.48,SEO,36,261,1,0
18_10_0028173,DOG,102.91,REDIRECT,5,0,0,0
18_10_0028175,OTHER,165.98,SEO,7,0,0,0
18_10_0028176,OTHER,69.84,REDIRECT,5,0,0,0
18_10_0028177,OTHER,61.46,SEO,22,379,1,0
18_10_0028178,DOG,55.16,SEO,7,0,0,0
18_10_0028179,OTHER,163.89,SEO,5,0,0,0
18_10_0028181,DOG,187.40,REDIRECT,18,1431,1,0
18_10_0028182,OTHER,150.05,SEO,5,0,0,0
18_10_0028183,DOG,129.41,SEO,20,797,1,0
18_10_0028184,OTHER,22.96,REDIRECT,3,2403,1,0
18_10_0028186,DOG,162.74,SEO,7,0,0,0
18_10_0028188,DOG,68.85,SEO,2,486,1,0
18_10_0028189,DOG,149.88,SEO,23,987,1,0
18_10_0028190,OTHER,147.86,SOCIAL,4,0,0,0
18_10_0028191,DOG,73.65,SEO,39,853,1,0
18_10_0028192,OTHER,163.65,SOCIAL,6,0,0,0
18_10_0028193,DOG,183.18,SOCIAL,5,396,1,0
18_10_0028194,DOG,158.13,SEO,4,917,1,0
18_10_0028195,OTHER,126.03,SOCIAL,9,0,0,0
18_10_0028196,DOG,118.68,SEO,5,118,1,0
18_10_0028197,OTHER,82.12,SEO,25,2158,1,0
18_10_0028198,DOG,182.95,REDIRECT,1,528,1,0
18_10_0028199,DOG,40.17,REDIRECT,8,716,1,0
18_10_0028200,OTHER,112.21,SOCIAL,9,0,0,0
18_10_0028202,OTHER,108.10,SEO,5,0,0,0
18_10_0028203,DOG,78.29,DIRECT,5,0,0,0
18_10_0028204,OTHER,43.25,SOCIAL,8,1726,1,0
18_10_0028206,OTHER,54.27,DIRECT,10,0,0,0
18_10_0028207,DOG,71.31,SEO,25,177,1,0
18_10_0028208,DOG,129.68,SEO,14,684,1,0
18_10_0028210,OTHER,43.36,SOCIAL,13,1741,1,0
18_10_0028211,DOG,107.45,SEO,20,1163,1,0
18_10_0028212,OTHER,117.81,SEO,7,260,1,0
18_10_0028213,OTHER,91.95,SOCIAL,3,489,1,0
18_10_0028214,DOG,50.29,REDIRECT,5,0,0,0
18_10_0028215,DOG,137.90,SEO,1,196,1,0
18_10_0028216,OTHER,149.72,SEO,11,841,1,0
18_10_0028217,OTHER,126.27,SOCIAL,6,0,0,0
18_10_0028218,DOG,47.18,SOCIAL,13,712,1,0
18_10_0028219,OTHER,161.62,SOCIAL,4,0,0,0
18_10_0028220,DOG,21.92,SEO,14,1774,1,0
18_10_0028221,OTHER,70.27,SEO,5,844,1,0
18_10_0028222,DOG,188.08,SOCIAL,12,733,1,0
18_10_0028223,OTHER,57.13,SOCIAL,18,567,1,0
18_10_0028224,DOG,44.80,SOCIAL,24,2506,1,0
18_10_0028225,DOG,131.02,SEO,4,0,0,0
18_10_0028226,OTHER,32.32,SOCIAL,5,873,1,0
18_10_0028227,DOG,33.29,SOCIAL,5,102,1,0
18_10_0028228,DOG,77.73,REDIRECT,6,0,0,0
18_10_0028229,DOG,45.00,SEO,5,560,1,0
18_10_0028230,DOG,52.30,SOCIAL,24,855,1,0
18_10_0028231,DOG,56.72,SOCIAL,9,0,0,0
18_10_0028232,OTHER,111.87,SEO,9,0,0,0
18_10_0028233,DOG,141.81,SEO,5,79,1,0
18_10_0028234,DOG,155.11,SEO,21,805,1,0
18_10_0028236,DOG,46.79,REDIRECT,19,302,1,0
18_10_0028238,DOG,138.88,SEO,3,338,1,0
18_10_0028239,OTHER,142.65,SEO,1,1260,1,0
18_10_0028240,DOG,175.16,SOCIAL,19,698,1,0
18_10_0028241,DOG,129.49,SEO,9,230,1,0
18_10_0028242,OTHER,40.24,SOCIAL,7,752,1,0
18_10_0028243,DOG,158.85,SOCIAL,13,212,1,0
18_10_0028245,OTHER,49.90,REDIRECT,9,0,0,0
18_10_0028246,OTHER,57.88,REDIRECT,12,775,1,0
18_10_0028247,OTHER,74.17,DIRECT,8,0,0,0
18_10_0028248,OTHER,86.05,DIRECT,36,502,1,0
18_10_0028249,DOG,84.25,SEO,3,484,1,0
18_10_0028250,DOG,188.90,SOCIAL,11,417,1,0
18_10_0028251,DOG,30.31,SEO,5,0,0,0
18_10_0028252,DOG,96.62,SOCIAL,7,640,1,0
18_10_0028254,OTHER,75.12,SEO,20,351,1,0
18_10_0028255,OTHER,77.03,SOCIAL,5,0,0,0
18_10_0028256,DOG,97.49,DIRECT,35,641,1,0
18_10_0028257,DOG,103.53,SEO,10,0,0,0
18_10_0028258,OTHER,100.64,REDIRECT,17,814,1,0
18_10_0028259,DOG,47.79,SEO,7,0,0,0
18_10_0028260,OTHER,48.28,SOCIAL,8,0,0,0
18_10_0028261,DOG,43.44,SOCIAL,5,0,0,0
18_10_0028263,OTHER,13.62,SEO,5,0,0,0
18_10_0028264,OTHER,185.80,SEO,19,1059,1,0
18_10_0028265,DOG,146.09,SEO,10,0,0,0
18_10_0028266,OTHER,82.70,SOCIAL,4,0,0,0
18_10_0028267,OTHER,132.41,SOCIAL,11,266,1,0
18_10_0028268,DOG,92.77,REDIRECT,39,563,1,0
18_10_0028269,OTHER,110.56,SEO,17,2894,1,0
18_10_0028271,OTHER,14.77,SOCIAL,9,0,0,0
18_10_0028272,DOG,171.43,DIRECT,4,0,0,0
18_10_0028273,DOG,87.64,SEO,6,0,0,0
18_10_0028274,DOG,49.64,SOCIAL,19,981,1,0
18_10_0028275,DOG,140.73,SEO,1,786,1,0
18_10_0028276,DOG,118.89,SEO,10,0,0,0
18_10_0028277,DOG,91.13,SEO,33,206,1,0
18_10_0028278,OTHER,84.56,SOCIAL,6,0,0,0
18_10_0028279,DOG,33.49,SOCIAL,9,0,0,0
18_10_0028281,OTHER,81.74,REDIRECT,3,681,1,0
18_10_0028282,OTHER,13.82,SEO,4,0,0,0
18_10_0028284,DOG,58.02,REDIRECT,16,359,1,0
18_10_0028286,DOG,188.86,SEO,11,1315,1,0
18_10_0028287,DOG,71.99,DIRECT,38,504,1,0
18_10_0028288,DOG,88.58,SOCIAL,33,269,1,0
18_10_0028289,DOG,171.64,DIRECT,9,0,0,0
18_10_0028291,OTHER,112.10,SEO,14,552,1,0
18_10_0028292,DOG,70.54,SEO,2,787,1,0
18_10_0028293,OTHER,149.46,SEO,9,542,1,0
18_10_0028294,DOG,180.02,SOCIAL,8,243,1,0
18_10_0028295,OTHER,166.78,REDIRECT,22,2407,1,0
18_10_0028296,DOG,129.83,SEO,19,358,1,0
18_10_0028297,DOG,42.87,SOCIAL,25,1455,1,0
18_10_0028298,OTHER,139.70,SEO,10,0,0,0
18_10_0028299,DOG,13.17,SEO,7,0,0,0
18_10_0028300,DOG,43.04,SOCIAL,6,0,0,0
18_10_0028301,DOG,132.76,SEO,18,639,1,0
18_10_0028302,DOG,116.93,SEO,23,843,1,0
18_10_0028303,DOG,72.39,SOCIAL,8,0,0,0
18_10_0028304,OTHER,139.47,SEO,8,413,1,0
18_10_0028305,DOG,52.90,REDIRECT,16,634,1,0
18_10_0028306,DOG,37.89,SOCIAL,8,369,1,0
18_10_0028307,DOG,172.22,SOCIAL,17,683,1,0
18_10_0028308,DOG,27.48,SOCIAL,10,0,0,0
18_10_0028309,DOG,161.00,SEO,18,819,1,0
18_10_0028310,OTHER,141.17,SOCIAL,6,710,1,0
18_10_0028311,DOG,182.86,SEO,23,902,1,0
18_10_0028312,DOG,26.88,SOCIAL,17,911,1,0
18_10_0028313,DOG,154.54,SOCIAL,23,759,1,0
18_10_0028314,DOG,33.09,SOCIAL,5,325,1,0
18_10_0028315,DOG,67.92,REDIRECT,33,877,1,0
18_10_0028316,DOG,175.34,SEO,24,411,1,0
18_10_0028317,DOG,58.34,DIRECT,5,0,0,0
18_10_0028318,DOG,51.56,SEO,20,485,1,0
18_10_0028319,DOG,185.75,REDIRECT,13,1244,1,0
18_10_0028320,DOG,172.34,SEO,11,808,1,0
18_10_0028321,DOG,139.57,SEO,8,0,0,0
18_10_0028322,DOG,143.92,SOCIAL,11,802,1,0
18_10_0028323,DOG,138.14,SEO,23,625,1,0
18_10_0028324,OTHER,92.71,REDIRECT,4,676,1,0
18_10_0028326,DOG,151.25,SOCIAL,5,0,0,0
18_10_0028327,DOG,74.45,REDIRECT,5,164,1,0
18_10_0028329,DOG,81.24,DIRECT,39,526,1,0
18_10_0028330,DOG,120.68,SEO,9,0,0,0
18_10_0028331,DOG,55.33,SOCIAL,16,952,1,0
18_10_0028332,DOG,165.04,SEO,4,0,0,0
18_10_0028333,DOG,84.48,DIRECT,37,954,1,0
18_10_0028334,OTHER,115.95,SEO,5,114,1,0
18_10_0028335,DOG,94.87,DIRECT,39,986,1,0
18_10_0028336,DOG,130.44,SOCIAL,4,0,0,0
18_10_0028337,OTHER,14.83,SOCIAL,6,0,0,0
18_10_0028338,DOG,14.86,SEO,6,0,0,0
18_10_0028339,OTHER,66.98,SOCIAL,33,393,1,0
18_10_0028340,OTHER,187.11,SEO,3,1251,1,0
18_10_0028341,DOG,30.91,SEO,4,0,0,0
18_10_0028342,DOG,165.25,SEO,2,601,1,0
18_10_0028343,OTHER,37.19,SOCIAL,4,0,0,0
18_10_0028344,OTHER,22.85,SEO,10,1936,1,0
18_10_0028345,DOG,29.14,SEO,10,543,1,0
18_10_0028346,DOG,95.18,SOCIAL,32,693,1,0
18_10_0028347,DOG,158.43,SOCIAL,3,399,1,0
18_10_0028348,DOG,36.22,SEO,16,352,1,0
18_10_0028349,DOG,145.71,SEO,7,0,0,0
18_10_0028351,OTHER,108.07,SEO,5,1526,1,0
18_10_0028352,DOG,103.37,REDIRECT,8,0,0,0
18_10_0028353,DOG,117.98,SEO,16,161,1,0
18_10_0028354,DOG,20.97,REDIRECT,4,0,0,0
18_10_0028355,CAT,167.85,SEO,24,972,1,0
18_10_0028357,DOG,91.56,SEO,36,367,1,0
18_10_0028358,DOG,185.47,SOCIAL,3,330,1,0
18_10_0028359,OTHER,100.51,REDIRECT,25,969,1,0
18_10_0028360,CAT,53.24,REDIRECT,4,0,0,0
18_10_0028361,OTHER,121.67,SEO,9,0,0,0
18_10_0028362,CAT,51.73,DIRECT,8,0,0,0
18_10_0028363,CAT,175.74,REDIRECT,9,0,0,0
18_10_0028364,DOG,60.32,REDIRECT,8,0,0,0
18_10_0028365,CAT,146.93,SEO,23,154,1,0
18_10_0028366,DOG,159.09,SEO,16,675,1,0
18_10_0028367,DOG,186.88,SOCIAL,5,3897,1,0
18_10_0028368,DOG,63.40,SOCIAL,6,342,1,0
18_10_0028369,OTHER,156.71,SOCIAL,14,369,1,0
18_10_0028370,CAT,76.55,REDIRECT,4,0,0,0
18_10_0028371,CAT,19.58,SEO,5,0,0,0
18_10_0028372,CAT,70.91,REDIRECT,7,0,0,0
18_10_0028373,DOG,82.74,REDIRECT,33,644,1,0
18_10_0028376,OTHER,162.32,REDIRECT,10,0,0,0
18_10_0028377,CAT,120.83,SEO,9,0,0,0
18_10_0028378,DOG,39.74,SOCIAL,7,499,1,0
18_10_0028379,OTHER,183.96,REDIRECT,1,470,1,0
18_10_0028380,DOG,51.00,SEO,11,481,1,0
18_10_0028381,CAT,26.74,SOCIAL,9,0,0,0
18_10_0028383,OTHER,118.63,SOCIAL,9,0,0,0
18_10_0028386,OTHER,158.80,SOCIAL,20,644,1,0
18_10_0028387,CAT,88.63,DIRECT,8,438,1,0
18_10_0028390,DOG,144.59,SEO,3,2282,1,0
18_10_0028391,DOG,94.96,SOCIAL,3,898,1,0
18_10_0028394,OTHER,25.63,SOCIAL,4,109,1,0
18_10_0028395,OTHER,123.06,SEO,7,915,1,0
18_10_0028396,OTHER,173.80,SOCIAL,4,0,0,0
18_10_0028397,DOG,175.20,SEO,10,396,1,0
18_10_0028398,CAT,108.32,SEO,24,1728,1,0
18_10_0028399,OTHER,159.98,SEO,18,391,1,0
18_10_0028400,OTHER,78.14,SOCIAL,20,807,1,0
18_10_0028401,CAT,61.78,SEO,19,429,1,0
18_10_0028402,CAT,128.55,SEO,5,575,1,0
18_10_0028403,DOG,70.15,DIRECT,30,274,1,0
18_10_0028404,OTHER,92.75,REDIRECT,34,806,1,0
18_10_0028405,DOG,137.44,SOCIAL,23,830,1,0
18_10_0028406,OTHER,99.37,SEO,25,314,1,0
18_10_0028407,OTHER,76.78,SEO,34,626,1,0
18_10_0028408,CAT,44.56,SEO,4,0,0,0
18_10_0028409,DOG,17.19,REDIRECT,9,398,1,0
18_10_0028410,OTHER,83.71,REDIRECT,23,778,1,0
18_10_0028411,DOG,49.42,SEO,10,0,0,0
18_10_0028412,DOG,62.41,REDIRECT,5,104,1,0
18_10_0028413,OTHER,51.10,SOCIAL,24,615,1,0
18_10_0028414,CAT,118.12,SEO,7,0,0,0
18_10_0028415,CAT,168.00,SEO,7,0,0,0
18_10_0028416,CAT,103.19,SOCIAL,5,0,0,0
18_10_0028417,CAT,47.71,SEO,5,0,0,0
18_10_0028418,OTHER,185.94,SOCIAL,4,0,0,0
18_10_0028421,OTHER,150.36,SEO,7,0,0,0
18_10_0028422,DOG,113.62,SEO,7,0,0,0
18_10_0028423,OTHER,172.06,SEO,6,0,0,0
18_10_0028424,CAT,79.29,SEO,33,1469,1,0
18_10_0028425,DOG,133.48,SEO,24,446,1,0
18_10_0028426,CAT,18.92,SOCIAL,10,0,0,0
18_10_0028427,DOG,144.13,SEO,13,1934,1,0
18_10_0028428,CAT,120.42,SEO,14,610,1,0
18_10_0028429,DOG,124.60,SEO,10,367,1,0
18_10_0028430,DOG,107.26,SEO,18,674,1,0
18_10_0028432,CAT,162.52,REDIRECT,15,381,1,0
18_10_0028433,CAT,55.27,DIRECT,4,66,1,0
18_10_0028434,CAT,58.96,REDIRECT,5,0,0,0
18_10_0028435,CAT,182.00,SEO,7,0,0,0
18_10_0028437,DOG,118.77,SOCIAL,23,208,1,0
18_10_0028438,CAT,67.11,DIRECT,38,993,1,0
18_10_0028439,OTHER,151.17,SEO,17,529,1,0
18_10_0028441,DOG,22.76,REDIRECT,5,0,0,0
18_10_0028442,CAT,143.75,SOCIAL,11,590,1,0
18_10_0028443,DOG,74.04,SOCIAL,9,0,0,0
18_10_0028445,DOG,44.26,SEO,22,620,1,0
18_10_0028446,CAT,128.83,SEO,5,0,0,0
18_10_0028447,DOG,57.83,DIRECT,3,107,1,0
18_10_0028448,OTHER,47.94,SEO,10,0,0,0
18_10_0028449,OTHER,63.82,REDIRECT,13,884,1,0
18_10_0026739,DOG,189.07,SEO,13,1417,1,1
18_10_0026740,DOG,97.44,SOCIAL,5,78,1,1
18_10_0026750,OTHER,23.97,SOCIAL,8,0,0,1
18_10_0026760,CAT,135.63,SEO,8,0,0,1
18_10_0026766,CAT,163.69,SEO,7,0,0,1
18_10_0026773,CAT,184.70,SOCIAL,1,890,1,1
18_10_0026779,DOG,42.93,SOCIAL,17,1563,1,1
18_10_0026788,CAT,170.78,SOCIAL,6,0,0,1
18_10_0026796,DOG,181.32,SOCIAL,3,292,1,1
18_10_0026803,CAT,69.43,SOCIAL,8,821,1,1
18_10_0026828,CAT,158.19,SEO,3,134,1,1
18_10_0026836,DOG,126.49,SOCIAL,4,868,1,1
18_10_0026837,CAT,16.68,SOCIAL,25,197,1,1
18_10_0026838,DOG,44.92,SOCIAL,22,3153,1,1
18_10_0026841,DOG,17.37,REDIRECT,5,0,0,1
18_10_0026843,CAT,175.34,SOCIAL,3,713,1,1
18_10_0026847,DOG,129.87,SEO,5,143,1,1
18_10_0026854,DOG,145.05,SEO,6,0,0,1
18_10_0026881,CAT,78.20,DIRECT,9,0,0,1
18_10_0026884,DOG,180.04,SOCIAL,5,158,1,1
18_10_0026886,DOG,181.12,SOCIAL,5,317,1,1
18_10_0026887,CAT,174.22,SEO,6,0,0,1
18_10_0026889,DOG,36.00,SOCIAL,5,0,0,1
18_10_0026893,DOG,139.65,SEO,19,518,1,1
18_10_0026897,DOG,103.01,SOCIAL,7,0,0,1
18_10_0026899,DOG,95.47,DIRECT,7,852,1,1
18_10_0026901,DOG,120.79,SEO,23,912,1,1
18_10_0026904,DOG,170.91,DIRECT,9,0,0,1
18_10_0026912,CAT,136.94,SEO,10,0,0,1
18_10_0026916,CAT,169.59,SOCIAL,16,2448,1,1
18_10_0026919,DOG,36.32,SOCIAL,6,0,0,1
18_10_0026923,DOG,65.17,REDIRECT,9,0,0,1
18_10_0026927,DOG,123.49,SEO,20,351,1,1
18_10_0026935,CAT,90.48,DIRECT,6,0,0,1
18_10_0026937,DOG,116.74,SOCIAL,9,416,1,1
18_10_0026976,DOG,53.90,SOCIAL,3,86,1,1
18_10_0026988,DOG,171.05,REDIRECT,8,0,0,1
18_10_0026989,DOG,103.71,SEO,9,0,0,1
18_10_0026993,OTHER,95.27,DIRECT,9,619,1,1
18_10_0027004,DOG,0.95,SEO,1,0,0,1
18_10_0027007,CAT,143.80,SEO,22,1893,1,1
18_10_0027021,CAT,43.98,SOCIAL,19,1796,1,1
18_10_0027051,DOG,49.83,SOCIAL,6,0,0,1
18_10_0027054,CAT,170.83,REDIRECT,6,0,0,1
18_10_0027073,DOG,133.68,SOCIAL,14,455,1,1
18_10_0027075,DOG,54.87,REDIRECT,21,538,1,1
18_10_0027078,DOG,115.36,SEO,9,0,0,1
18_10_0027079,DOG,188.47,SEO,16,1314,1,1
18_10_0027082,DOG,146.22,SEO,7,3405,1,1
18_10_0027088,DOG,187.64,REDIRECT,13,457,1,1
18_10_0027094,DOG,132.85,SEO,6,0,0,1
18_10_0027096,CAT,32.19,REDIRECT,19,4616,1,1
18_10_0027104,CAT,95.05,REDIRECT,5,167,1,1
18_10_0027118,OTHER,94.35,SEO,39,395,1,1
18_10_0027119,DOG,93.12,SEO,37,862,1,1
18_10_0027133,CAT,123.78,SOCIAL,2,920,1,1
18_10_0027137,DOG,133.10,SOCIAL,8,0,0,1
18_10_0027139,DOG,179.45,REDIRECT,3,825,1,1
18_10_0027146,DOG,73.56,SOCIAL,4,0,0,1
18_10_0027154,DOG,91.66,DIRECT,23,372,1,1
18_10_0027160,CAT,67.84,SOCIAL,4,77,1,1
18_10_0027161,DOG,108.80,SOCIAL,8,505,1,1
18_10_0027167,CAT,116.73,SEO,11,963,1,1
18_10_0027184,DOG,122.64,SEO,17,1055,1,1
18_10_0027192,CAT,134.64,SOCIAL,18,362,1,1
18_10_0027195,DOG,62.74,SEO,8,0,0,1
18_10_0027208,DOG,162.24,SEO,22,289,1,1
18_10_0027209,CAT,157.02,SEO,4,0,0,1
18_10_0027218,CAT,40.11,SEO,25,369,1,1
18_10_0027219,DOG,48.72,SOCIAL,11,935,1,1
18_10_0027222,CAT,37.89,REDIRECT,3,420,1,1
18_10_0027226,DOG,141.83,SEO,5,0,0,1
18_10_0027231,CAT,153.37,SOCIAL,12,380,1,1
18_10_0027239,CAT,106.57,SEO,3,1121,1,1
18_10_0027255,CAT,57.29,DIRECT,25,344,1,1
18_10_0027256,OTHER,76.74,REDIRECT,7,0,0,1
18_10_0027258,DOG,188.88,REDIRECT,8,692,1,1
18_10_0027262,OTHER,39.71,SEO,12,571,1,1
18_10_0027282,OTHER,67.12,SOCIAL,5,0,0,1
18_10_0027286,OTHER,167.83,SEO,7,378,1,1
18_10_0027287,CAT,95.43,REDIRECT,7,953,1,1
18_10_0027291,OTHER,40.16,SOCIAL,4,748,1,1
18_10_0027294,CAT,136.83,SEO,7,0,0,1
18_10_0027298,DOG,93.86,SEO,22,2319,1,1
18_10_0027302,OTHER,137.27,SEO,9,0,0,1
18_10_0027308,CAT,85.60,DIRECT,2,282,1,1
18_10_0027311,DOG,72.65,DIRECT,36,768,1,1
18_10_0027348,OTHER,55.85,SOCIAL,21,951,1,1
18_10_0027363,OTHER,122.61,SOCIAL,21,174,1,1
18_10_0027367,DOG,164.90,SOCIAL,21,2382,1,1
18_10_0027373,CAT,34.03,SOCIAL,11,394,1,1
18_10_0027384,DOG,15.88,SOCIAL,9,0,0,1
18_10_0027387,DOG,122.73,SEO,22,341,1,1
18_10_0027391,CAT,105.01,SEO,10,421,1,1
18_10_0027411,OTHER,38.18,SEO,5,105,1,1
18_10_0027414,DOG,123.93,SEO,14,631,1,1
18_10_0027416,CAT,69.13,REDIRECT,4,0,0,1
18_10_0027425,DOG,57.93,SEO,9,440,1,1
18_10_0027432,DOG,44.21,SEO,5,0,0,1
18_10_0027442,DOG,23.97,SOCIAL,10,535,1,1
18_10_0027444,DOG,157.66,SEO,5,515,1,1
18_10_0027454,DOG,110.78,SEO,8,3351,1,1
18_10_0027461,CAT,63.24,SEO,4,0,0,1
18_10_0027463,CAT,139.89,SEO,6,586,1,1
18_10_0027469,DOG,91.68,SOCIAL,8,0,0,1
18_10_0027474,DOG,24.39,REDIRECT,7,0,0,1
18_10_0027476,CAT,70.84,SEO,33,579,1,1
18_10_0027490,DOG,142.64,SEO,10,1139,1,1
18_10_0027494,DOG,57.34,DIRECT,6,0,0,1
18_10_0027498,CAT,108.56,SEO,9,0,0,1
18_10_0027524,OTHER,63.55,SOCIAL,18,702,1,1
18_10_0027526,DOG,98.93,DIRECT,6,0,0,1
18_10_0027533,DOG,71.15,SEO,8,903,1,1
18_10_0027542,CAT,136.48,SEO,17,938,1,1
18_10_0027551,OTHER,62.97,REDIRECT,7,689,1,1
18_10_0027559,DOG,142.65,SEO,20,1229,1,1
18_10_0027569,CAT,35.49,SOCIAL,9,163,1,1
18_10_0027572,DOG,160.35,SOCIAL,13,1162,1,1
18_10_0027574,DOG,148.13,SOCIAL,10,0,0,1
18_10_0027579,DOG,97.14,REDIRECT,5,90,1,1
18_10_0027614,CAT,152.47,SOCIAL,5,0,0,1
18_10_0027617,DOG,133.36,SEO,9,0,0,1
18_10_0027639,DOG,13.79,SEO,3,0,0,1
18_10_0027645,CAT,111.46,SOCIAL,9,0,0,1
18_10_0027663,DOG,138.28,SEO,20,763,1,1
18_10_0027664,CAT,148.44,SOCIAL,5,592,1,1
18_10_0027671,OTHER,17.63,SEO,1,671,1,1
18_10_0027673,DOG,91.84,REDIRECT,9,943,1,1
18_10_0027674,CAT,78.27,SEO,36,888,1,1
18_10_0027677,CAT,64.44,REDIRECT,10,522,1,1
18_10_0027678,CAT,116.35,SOCIAL,4,87,1,1
18_10_0027681,OTHER,92.34,DIRECT,5,519,1,1
18_10_0027682,CAT,140.43,SEO,7,0,0,1
18_10_0027708,DOG,161.85,REDIRECT,4,0,0,1
18_10_0027709,DOG,95.24,SOCIAL,8,0,0,1
18_10_0027714,OTHER,24.94,SOCIAL,19,932,1,1
18_10_0027725,OTHER,106.43,SEO,22,1042,1,1
18_10_0027726,CAT,20.73,SEO,4,1625,1,1
18_10_0027743,OTHER,158.85,SEO,25,549,1,1
18_10_0027746,CAT,158.65,SEO,25,540,1,1
18_10_0027753,OTHER,157.90,SEO,10,930,1,1
18_10_0027754,DOG,86.60,REDIRECT,35,298,1,1
18_10_0027757,OTHER,101.36,SOCIAL,7,0,0,1
18_10_0027764,DOG,38.35,SEO,23,902,1,1
18_10_0027783,CAT,52.23,DIRECT,10,0,0,1
18_10_0027785,CAT,143.24,SEO,20,1775,1,1
18_10_0027800,DOG,135.70,SEO,12,117,1,1
18_10_0027802,DOG,15.63,SEO,6,0,0,1
18_10_0027807,CAT,187.18,SOCIAL,15,645,1,1
18_10_0027824,DOG,45.97,SOCIAL,7,0,0,1
18_10_0027831,CAT,56.20,SOCIAL,19,856,1,1
18_10_0027832,CAT,73.33,DIRECT,6,0,0,1
18_10_0027843,OTHER,127.00,SOCIAL,4,116,1,1
18_10_0027849,DOG,131.11,SOCIAL,9,0,0,1
18_10_0027862,DOG,104.67,SEO,7,0,0,1
18_10_0027876,OTHER,25.88,SOCIAL,5,142,1,1
18_10_0027877,DOG,165.23,SEO,22,2494,1,1
18_10_0027889,DOG,104.18,SEO,21,939,1,1
18_10_0027897,CAT,64.70,REDIRECT,8,337,1,1
18_10_0027899,CAT,130.84,SOCIAL,9,813,1,1
18_10_0027914,OTHER,175.73,SEO,18,439,1,1
18_10_0027944,CAT,88.49,SOCIAL,7,0,0,1
18_10_0027959,DOG,55.33,REDIRECT,7,0,0,1
18_10_0027963,OTHER,108.20,SEO,12,1725,1,1
18_10_0027969,DOG,43.22,REDIRECT,21,445,1,1
18_10_0027980,DOG,125.38,SEO,20,820,1,1
18_10_0027983,DOG,33.42,REDIRECT,5,0,0,1
18_10_0027987,OTHER,176.66,SOCIAL,14,434,1,1
18_10_0028007,DOG,162.64,SEO,8,604,1,1
18_10_0028010,DOG,159.12,SEO,4,654,1,1
18_10_0028012,CAT,173.74,SOCIAL,5,494,1,1
18_10_0028021,OTHER,72.50,DIRECT,6,635,1,1
18_10_0028028,DOG,135.60,SEO,19,296,1,1
18_10_0028038,DOG,46.80,SOCIAL,18,4800,1,1
18_10_0028040,DOG,78.33,SOCIAL,24,883,1,1
18_10_0028050,OTHER,120.27,SOCIAL,9,0,0,1
18_10_0028057,OTHER,26.73,SEO,9,0,0,1
18_10_0028059,DOG,49.58,SOCIAL,7,0,0,1
18_10_0028065,DOG,57.61,SOCIAL,5,998,1,1
18_10_0028070,OTHER,36.76,SEO,3,82,1,1
18_10_0028072,OTHER,176.60,REDIRECT,9,564,1,1
18_10_0028086,DOG,38.31,REDIRECT,5,0,0,1
18_10_0028090,DOG,124.90,SEO,5,216,1,1
18_10_0028094,DOG,116.25,SEO,7,0,0,1
18_10_0028125,DOG,122.18,SOCIAL,7,726,1,1
18_10_0028126,OTHER,134.75,SEO,6,929,1,1
18_10_0028143,OTHER,121.53,SEO,18,1725,1,1
18_10_0028153,OTHER,50.00,REDIRECT,5,0,0,1
18_10_0028155,OTHER,166.46,SEO,21,766,1,1
18_10_0028165,DOG,80.08,SEO,39,1524,1,1
18_10_0028172,OTHER,170.40,SEO,3,501,1,1
18_10_0028174,OTHER,188.54,REDIRECT,9,1585,1,1
18_10_0028180,OTHER,170.80,SOCIAL,21,3175,1,1
18_10_0028185,DOG,152.32,SEO,9,245,1,1
18_10_0028187,OTHER,151.30,SEO,7,0,0,1
18_10_0028201,DOG,143.22,SEO,17,1584,1,1
18_10_0028205,OTHER,146.59,SEO,7,258,1,1
18_10_0028209,DOG,145.94,SEO,5,2639,1,1
18_10_0028235,OTHER,32.66,REDIRECT,9,701,1,1
18_10_0028237,OTHER,186.43,SOCIAL,21,259,1,1
18_10_0028244,OTHER,152.80,SOCIAL,5,0,0,1
18_10_0028253,DOG,32.93,REDIRECT,9,0,0,1
18_10_0028262,DOG,45.90,SOCIAL,7,0,0,1
18_10_0028270,DOG,169.89,DIRECT,22,936,1,1
18_10_0028280,DOG,20.87,SEO,6,0,0,1
18_10_0028283,DOG,116.15,SEO,9,0,0,1
18_10_0028285,DOG,183.14,SOCIAL,1,973,1,1
18_10_0028290,OTHER,76.23,SEO,36,478,1,1
18_10_0028325,DOG,103.38,REDIRECT,9,464,1,1
18_10_0028328,DOG,124.50,SOCIAL,6,0,0,1
18_10_0028350,OTHER,114.81,SEO,5,0,0,1
18_10_0028356,OTHER,154.51,SEO,23,191,1,1
18_10_0028374,CAT,155.50,SEO,20,704,1,1
18_10_0028375,DOG,87.34,SEO,8,439,1,1
18_10_0028382,CAT,127.34,SEO,19,633,1,1
18_10_0028384,DOG,132.65,SOCIAL,6,339,1,1
18_10_0028385,CAT,83.46,DIRECT,32,213,1,1
18_10_0028388,CAT,174.13,SEO,13,443,1,1
18_10_0028389,OTHER,64.49,SEO,3,129,1,1
18_10_0028392,DOG,95.87,SOCIAL,3,949,1,1
18_10_0028393,CAT,132.08,SEO,8,0,0,1
18_10_0028419,OTHER,70.08,REDIRECT,32,397,1,1
18_10_0028420,OTHER,83.47,REDIRECT,5,0,0,1
18_10_0028431,CAT,108.03,SEO,10,0,0,1
18_10_0028436,CAT,94.92,DIRECT,4,0,0,1
18_10_0028440,CAT,96.64,REDIRECT,30,0,0,1
18_10_0028444,CAT,103.83,SOCIAL,25,867,1,1